,Relation,MRR,h@1,h@3,h@10,rel_occurrence,relation label
963,0,0.2477823576751681,0.159375,0.259375,0.4125,1282,rare
964,1,0.3397424144923529,0.25,0.35185185185185186,0.4907407407407408,440,very rare
965,2,0.13616787660527815,0.056982718355908464,0.126809901914993,0.2916861279775806,17128,very very common
966,3,0.13254468096398989,0.05243243243243243,0.12162162162162166,0.3016216216216216,7404,very common
967,4,0.13265698564760778,0.0625,0.12874251497005987,0.2627245508982036,10692,very common
968,5,0.17297718677382415,0.09294871794871797,0.16987179487179488,0.34294871794871795,4998,common
969,6,0.13196148199720684,0.054421768707482984,0.12811791383219956,0.2749433106575964,7063,very common
970,7,0.12853271007472278,0.05619335347432024,0.11691842900302114,0.27129909365558913,13245,very common
971,8,0.13070443159667408,0.05555555555555555,0.09401709401709403,0.311965811965812,944,rare
972,9,0.1179168376967086,0.034161490683229816,0.11490683229813665,0.2857142857142857,1296,rare
973,10,0.1382706272783791,0.06364749082007344,0.1328029375764994,0.2784577723378213,6536,common
974,11,0.12492132323647108,0.05061349693251534,0.11503067484662576,0.2691717791411043,5216,common
975,12,0.115288574048021,0.054187192118226604,0.10344827586206896,0.2241379310344828,1632,rare
976,13,0.09990751962251314,0.03639240506329114,0.07911392405063293,0.2136075949367089,2531,common
977,14,0.12086555120143515,0.04439252336448598,0.10747663551401868,0.2616822429906542,1717,rare
978,15,0.10142794192435678,0.03017241379310345,0.08620689655172414,0.2543103448275862,1863,rare
979,16,0.10903136461432997,0.03638253638253639,0.09875259875259876,0.2525987525987526,3850,common
980,17,0.13540944373834934,0.052037037037037034,0.12944444444444445,0.2974074074074074,21606,very very common
981,18,0.1591253822974615,0.07461240310077519,0.16085271317829458,0.3372093023255814,4133,common
982,19,0.2103021494600917,0.11627906976744184,0.21511627906976746,0.3779069767441861,690,rare
983,20,0.114202895027605,0.036036036036036036,0.08558558558558559,0.2612612612612613,888,rare
984,21,0.15393614954894447,0.07782101167315175,0.14980544747081712,0.2937743190661479,2058,rare
985,22,0.09422936789814257,0.02690582959641256,0.08744394618834081,0.21748878923766812,1786,rare
986,23,0.11349585236471285,0.04466501240694789,0.1129032258064516,0.2357320099255583,3224,common
987,24,0.15304385315880492,0.0740343347639485,0.15021459227467812,0.3025751072961373,3731,common
988,25,0.10793348674484897,0.04424157303370786,0.10042134831460674,0.2169943820224719,5702,common
989,26,0.1243783652738197,0.05853658536585366,0.11219512195121953,0.2573170731707317,3282,common
990,27,0.2122283427524869,0.1417910447761194,0.22388059701492535,0.35074626865671643,541,rare
991,28,0.14975893960648465,0.07377049180327869,0.13524590163934427,0.3073770491803279,980,rare
992,29,0.10612438189777428,0.03882476390346275,0.09286463798530954,0.2318992654774397,7632,very common
993,30,0.17680540469772882,0.08404415454089313,0.17812343201204214,0.3630205720020071,15944,very very common
994,31,0.21556129141131744,0.13766233766233765,0.21688311688311687,0.3831168831168831,3088,common
995,32,0.13589774630797813,0.05128205128205128,0.1254180602006689,0.3076923076923077,7185,very common
996,33,0.13940585391629318,0.06215578284815106,0.12981904012588513,0.2903225806451613,10176,very common
997,34,0.2782913067176801,0.19230769230769232,0.2692307692307692,0.4658119658119658,938,rare
998,35,0.20244997249172528,0.10093896713615023,0.2089201877934272,0.4061032863849765,1708,rare
999,36,0.12180570438654698,0.0472636815920398,0.1218905472636816,0.25870646766169153,1617,rare
1000,37,0.11250406940527673,0.043478260869565216,0.1032608695652174,0.22826086956521735,739,rare
1001,38,0.10448124153867874,0.03636363636363636,0.08712121212121213,0.2409090909090909,5289,common
1002,39,0.14034722167407795,0.06643002028397565,0.1359026369168357,0.28600405679513186,7897,very common
1003,40,0.1391518823521946,0.0594059405940594,0.13465346534653466,0.30594059405940593,4040,common
1004,41,0.13422795653547664,0.061188811188811185,0.12980769230769232,0.2657342657342657,9157,very common
1005,42,0.19276076227279396,0.09420289855072464,0.1956521739130435,0.3967391304347826,2208,rare
1006,43,0.15758667527201714,0.06830601092896177,0.15710382513661206,0.3442622950819672,2930,common
1007,44,0.2667492583471185,0.16923076923076924,0.2846153846153846,0.4538461538461538,526,rare
1008,45,0.12795927549445116,0.04381443298969072,0.11082474226804123,0.3118556701030928,1559,rare
1009,46,0.12946697647616626,0.051630434782608696,0.11141304347826086,0.2907608695652174,1474,rare
1010,47,0.15039419095408274,0.07971014492753623,0.15217391304347827,0.26811594202898553,558,rare
1011,48,0.13180757194432735,0.035294117647058816,0.14705882352941174,0.3235294117647059,688,rare
1012,49,0.13735517667745772,0.05555555555555555,0.13255360623781676,0.304093567251462,4109,common
1013,50,0.18980628826214355,0.09859154929577464,0.18309859154929575,0.3661971830985916,573,rare
1014,51,0.1279203512306815,0.04629629629629629,0.10802469135802467,0.28703703703703703,2595,common
1015,52,0.2775031531920599,0.17682926829268292,0.2865853658536585,0.5060975609756098,657,rare
1016,53,0.17612056465850354,0.07857142857142857,0.18571428571428567,0.37857142857142856,560,rare
1017,54,0.18839318447352346,0.10034013605442177,0.19387755102040816,0.35034013605442177,2353,rare
1018,55,0.15095410324981887,0.05797101449275361,0.14855072463768115,0.3623188405797101,1111,rare
1019,56,0.3007392061776704,0.2,0.33181818181818185,0.4863636363636364,1769,rare
1020,57,0.15786626939314338,0.07352941176470587,0.1568627450980392,0.3284313725490196,817,rare
1021,58,0.17715718283155804,0.08803088803088803,0.18030888030888031,0.3501930501930502,10365,very common
1022,59,0.2298476423663189,0.13736263736263735,0.25274725274725274,0.4175824175824176,735,rare
1023,60,0.2010170940426812,0.11507936507936507,0.20502645502645506,0.36507936507936506,3031,common
1024,61,0.1461370114014477,0.05859375,0.14453125,0.3046875,1024,rare
1025,62,0.1547212014840383,0.06505576208178439,0.1654275092936803,0.3159851301115242,2154,rare
1026,63,0.14700607044322658,0.09192825112107623,0.1367713004484305,0.2354260089686099,1790,rare
1027,64,0.12912494670447125,0.0508274231678487,0.12706855791962174,0.28250591016548465,6773,common
1028,65,0.20469991670506896,0.10800000000000001,0.228,0.43200000000000005,1002,rare
1029,66,0.1918633586302755,0.10380622837370243,0.21280276816609,0.3737024221453287,2316,rare
1030,67,0.42800165827606695,0.2967032967032967,0.510989010989011,0.6813186813186813,736,rare
1031,68,0.1381407149400667,0.0410958904109589,0.1506849315068493,0.3356164383561644,593,rare
1032,69,0.21702879901719246,0.11612903225806452,0.24516129032258066,0.4129032258064516,1246,rare
1033,70,0.09835135211615957,0.03511705685618729,0.0802675585284281,0.21739130434782608,2394,rare
1034,71,0.14265478292568815,0.025974025974025976,0.13636363636363635,0.4220779220779221,622,rare
1035,72,0.11659271145711685,0.034883720930232565,0.11046511627906977,0.2790697674418605,1382,rare
1036,73,0.1761293855535806,0.07809568480300187,0.1796435272045028,0.3778142589118199,17058,very very common
1037,74,0.1352837974927828,0.059556786703601115,0.1260387811634349,0.2770083102493075,2897,common
1038,75,0.11784302414944005,0.04657794676806084,0.1064638783269962,0.2585551330798479,4213,common
1039,76,0.16998972059295225,0.07828655834564252,0.17503692762186115,0.3537666174298375,5417,common
1040,77,0.08657057474932595,0.025896414342629483,0.07171314741035857,0.18725099601593626,2009,rare
1041,78,0.16746405681484702,0.08800000000000001,0.168,0.32,1008,rare
1042,79,0.10588407134469054,0.04019292604501608,0.0912379421221865,0.23191318327974275,9955,very common
1043,80,0.14031801860568588,0.06164383561643835,0.136986301369863,0.273972602739726,1758,rare
1044,81,0.19023822646107666,0.0759493670886076,0.1962025316455696,0.4620253164556962,632,rare
1045,82,0.1205560245259321,0.04961340206185567,0.1095360824742268,0.2615979381443299,6211,common
1046,83,0.16520975343980887,0.0821917808219178,0.16742770167427698,0.3280060882800609,10517,very common
1047,84,0.12647545227126938,0.0392156862745098,0.12745098039215685,0.2647058823529412,408,very rare
1048,85,0.09331811907651544,0.027027027027027032,0.0777027027027027,0.2297297297297297,1191,rare
1049,86,0.1176705672275272,0.035398230088495575,0.10619469026548672,0.3185840707964602,913,rare
1050,87,0.12528541295085,0.0471253534401508,0.11262959472196042,0.2766258246936852,8494,very common
1051,88,0.12816479561929184,0.050925925925925916,0.1111111111111111,0.3055555555555556,873,rare
1052,89,0.10172220993374546,0.028571428571428567,0.08095238095238096,0.22857142857142854,846,rare
1053,90,0.12722383727129447,0.052941176470588235,0.12588235294117647,0.2576470588235294,3407,common
1054,91,0.1294747095540008,0.05373134328358209,0.1164179104477612,0.2716417910447761,2685,common
1055,92,0.21559347696101747,0.12941176470588234,0.2235294117647059,0.3588235294117647,688,rare
1056,93,0.1465352845111171,0.05688622754491018,0.13622754491017966,0.33532934131736525,2675,common
1057,94,0.17540060680040215,0.08333333333333333,0.16666666666666666,0.3125,578,rare
1058,95,0.23003532137994145,0.09523809523809523,0.24404761904761904,0.5416666666666666,672,rare
1059,96,0.1206502554982382,0.043897216274089934,0.1177730192719486,0.2730192719486081,3739,common
1060,97,0.08825080897379094,0.02572347266881029,0.07797427652733119,0.20739549839228294,4982,common
1061,98,0.14163686112306928,0.05664240218380346,0.13603275705186532,0.31005459508644223,17585,very very common
1062,99,0.2194857006012352,0.12903225806451613,0.2258064516129032,0.3967741935483871,1243,rare
1063,100,0.11253040267869996,0.030805687203791468,0.0995260663507109,0.28672985781990523,1688,rare
1064,101,0.1594362644321951,0.07534246575342465,0.1541095890410959,0.3321917808219178,1173,rare
1065,102,0.13103859052190425,0.05983606557377049,0.12295081967213115,0.2639344262295082,4881,common
1066,103,0.1628383691872524,0.07544026653974298,0.15825797239409806,0.33460257020466444,16811,very very common
1067,104,0.17380714502567135,0.08198757763975155,0.18509316770186332,0.3422360248447205,6444,common
1068,105,0.11998282210686376,0.05083260297984225,0.10780017528483786,0.24539877300613494,9130,very common
1069,106,0.2215102546170317,0.14122137404580154,0.22137404580152675,0.3816793893129771,1048,rare
1070,107,0.3012922889325559,0.18359375,0.3515625,0.55859375,1026,rare
1071,108,0.12638437171091196,0.0580568720379147,0.1113744075829384,0.2677725118483412,6753,common
1072,109,0.08637059173266383,0.03626943005181347,0.06735751295336788,0.16839378238341968,1553,rare
1073,110,0.15579967667037015,0.08518518518518517,0.15555555555555556,0.2851851851851852,1083,rare
1074,111,0.21000849729254195,0.10176991150442477,0.1991150442477876,0.4469026548672566,904,rare
1075,112,0.1139265840632544,0.027491408934707903,0.10481099656357387,0.30584192439862545,2335,rare
1076,113,0.13376727591202467,0.05681818181818181,0.12121212121212123,0.3143939393939394,1064,rare
1077,114,0.12136764854621572,0.04247104247104247,0.11196911196911197,0.2857142857142857,2080,rare
1078,115,0.12838522202878816,0.04522613065326633,0.13316582914572864,0.2864321608040201,1597,rare
1079,116,0.11159050419985657,0.02884615384615385,0.10576923076923077,0.2692307692307692,422,very rare
1080,117,0.12981228651359092,0.051747311827956985,0.1256720430107527,0.28360215053763443,5953,common
1081,118,0.12266117687815176,0.0517503805175038,0.11187214611872144,0.2709284627092846,5259,common
1082,119,0.11167377246789532,0.04299544419134396,0.0965261958997722,0.2408883826879271,14055,very common
1083,120,0.10849797009897436,0.03125,0.09375,0.2578125,518,rare
1084,121,0.12720996489982336,0.05278592375366569,0.1187683284457478,0.2800586510263929,2731,common
1085,122,0.15091387825737992,0.06770833333333333,0.16145833333333334,0.28125,776,rare
1086,123,0.13640840593613374,0.06939890710382514,0.12076502732240438,0.26284153005464483,7329,very common
1087,124,0.3001765754372174,0.19672131147540986,0.3360655737704918,0.4672131147540984,495,very rare
1088,125,0.12761055370735508,0.04508196721311476,0.11475409836065575,0.29508196721311475,976,rare
1089,126,0.13595156625152738,0.060747663551401876,0.12149532710280375,0.2897196261682243,862,rare
1090,127,0.12531486833701955,0.05304101838755304,0.12022630834512026,0.2567185289957567,5663,common
1091,128,0.21133638241141234,0.1188118811881188,0.2227722772277228,0.4158415841584158,811,rare
1092,129,0.20268148039284864,0.11485148514851486,0.20297029702970296,0.3881188118811881,4049,common
1093,130,0.09921654801494303,0.03333333333333333,0.08476190476190476,0.22857142857142854,4205,common
1094,131,0.1491531044632486,0.06936416184971098,0.13583815028901733,0.3236994219653179,2769,common
1095,132,0.22499659557434626,0.12121212121212123,0.24242424242424246,0.4575757575757576,1325,rare
1096,133,0.1116596758981134,0.04341317365269461,0.09580838323353294,0.2574850299401197,2674,common
1097,134,0.17385210498311687,0.0812720848056537,0.1784452296819788,0.3630742049469965,4528,common
1098,135,0.09748982485400562,0.042279411764705885,0.08272058823529413,0.1948529411764706,2181,rare
1099,136,0.0983001003612352,0.044715447154471545,0.07723577235772358,0.1951219512195122,990,rare
1100,137,0.10338009374059913,0.028169014084507043,0.09389671361502347,0.2535211267605634,3414,common
1101,138,0.1333023600967392,0.05882352941176471,0.12605042016806722,0.2762605042016807,3808,common
1102,139,0.11165523954677033,0.04017857142857143,0.10267857142857142,0.25148809523809523,2691,common
1103,140,0.19522733337007586,0.0967741935483871,0.21505376344086025,0.4032258064516129,744,rare
1104,141,0.10471852615504557,0.0384204909284952,0.0928495197438634,0.2214514407684098,7503,very common
1105,142,0.131815555934755,0.05952380952380953,0.12566137566137567,0.26322751322751325,3031,common
1106,143,0.13615906911922826,0.06552819698173153,0.1254964257347101,0.27124702144559176,10072,very common
1107,144,0.1427382517816767,0.06140350877192983,0.12280701754385966,0.32456140350877194,460,very rare
1108,145,0.1550926236738768,0.08311688311688313,0.14415584415584415,0.3064935064935065,3080,common
1109,146,0.15611085139285544,0.07395833333333332,0.15989583333333332,0.3161458333333333,7680,very common
1110,147,0.13305113519586234,0.047008547008547015,0.13675213675213674,0.3162393162393162,938,rare
1111,148,0.2816698336191877,0.1781437125748503,0.3188622754491018,0.4820359281437126,2680,common
1112,149,0.1864422245985386,0.0974025974025974,0.19264069264069264,0.3593073593073593,1848,rare
1113,150,0.1555548665487767,0.04861111111111111,0.1597222222222222,0.3958333333333333,585,rare
1114,151,0.17555875736466214,0.10138248847926268,0.16359447004608296,0.34101382488479265,1740,rare
1115,152,0.2204395439756423,0.12462006079027355,0.22492401215805471,0.425531914893617,2641,common
1116,153,0.2996298689351129,0.19047619047619047,0.3142857142857143,0.5047619047619047,846,rare
1117,154,0.2743923521018343,0.18181818181818185,0.2849650349650349,0.4667832167832168,2290,rare
1118,155,0.13466464703585476,0.03378378378378378,0.10810810810810813,0.4189189189189189,596,rare
1119,156,0.3091690023990186,0.22010869565217392,0.328804347826087,0.4728260869565217,1472,rare
1120,157,0.2237121875248379,0.1390374331550802,0.2272727272727273,0.39572192513368987,1503,rare
1121,158,0.11761668677365696,0.04843832715722605,0.10428798305982,0.2469560614081525,15114,very very common
1122,159,0.2039677329057256,0.10483870967741936,0.2358870967741936,0.3991935483870968,1989,rare
1123,160,0.2267907487315983,0.12874251497005987,0.23053892215568866,0.4251497005988024,1336,rare
1124,161,0.12712534487613122,0.048505935325419566,0.1164551780597626,0.2762996316004912,19544,very very common
1125,162,0.12815603220947416,0.04768392370572208,0.12397820163487737,0.273841961852861,2943,common
1126,163,0.13561772983435566,0.049180327868852465,0.12295081967213115,0.319672131147541,490,very rare
1127,164,0.16124240801825865,0.0774818401937046,0.1682808716707022,0.3177966101694915,6608,common
1128,165,0.13496868454757874,0.05205532078371111,0.1298501728774491,0.2973492124471763,20831,very very common
1129,166,0.14739865517320774,0.08441558441558443,0.1314935064935065,0.2662337662337662,2471,rare
1130,167,0.1409406567212024,0.0532258064516129,0.13870967741935486,0.3145161290322581,2481,rare
1131,168,0.1561199720719582,0.08297567954220315,0.1473533619456366,0.2832618025751073,5600,common
1132,169,0.15743928102087046,0.07692307692307693,0.17159763313609466,0.3136094674556213,1359,rare
1133,170,0.16804625425227546,0.07228915662650602,0.1746987951807229,0.3493975903614458,667,rare
1134,171,0.14831378924378275,0.0694980694980695,0.14671814671814673,0.3037323037323037,12437,very common
1135,172,0.16013900584523202,0.07313829787234043,0.1529255319148936,0.3351063829787234,3012,common
1136,173,0.2344738168227827,0.10784313725490197,0.21568627450980396,0.5882352941176471,413,very rare
1137,174,0.14248025651585464,0.060457516339869274,0.14133986928104575,0.30637254901960786,4900,common
1138,175,0.1408775434064725,0.052915766738660906,0.13822894168466526,0.316414686825054,3710,common
1139,176,0.11684206080109295,0.04166666666666666,0.1119281045751634,0.2565359477124183,4904,common
1140,177,0.17779109812111726,0.09969325153374232,0.17638036809815952,0.3343558282208589,2613,common
1141,178,0.1128980888835408,0.043689320388349516,0.08737864077669902,0.27912621359223305,1651,rare
1142,179,0.13714284908573968,0.056551724137931025,0.13724137931034486,0.2848275862068966,5801,common
1143,180,0.11363592189221768,0.029411764705882356,0.1161764705882353,0.2735294117647059,2723,common
1144,181,0.13755054374676998,0.057773109243697475,0.12902661064425772,0.2911414565826331,22856,very very common
1145,182,0.1924819114190366,0.10984848484848483,0.1856060606060606,0.3409090909090909,1063,rare
1146,183,0.11155352379036873,0.04234527687296417,0.10694896851248643,0.2394136807817589,7370,very common
1147,184,0.12697253398897576,0.04728950403690888,0.12168396770472895,0.2831603229527105,6943,common
1148,185,0.19904255120834172,0.09230769230769233,0.2230769230769231,0.4,521,rare
1149,186,0.11795838828626855,0.035211267605633804,0.11619718309859155,0.2746478873239437,2280,rare
1150,187,0.24899922671787145,0.15594855305466238,0.27491961414790994,0.4180064308681672,2489,rare
1151,188,0.16462016026202975,0.07627118644067797,0.17796610169491525,0.288135593220339,475,very rare
1152,189,0.20369192506381845,0.1262135922330097,0.21601941747572811,0.33495145631067963,1650,rare
1153,190,0.15111678872577985,0.07380073800738007,0.14760147601476015,0.2915129151291513,2173,rare
1154,191,0.15399858029467295,0.0748502994011976,0.1467065868263473,0.31736526946107785,1336,rare
1155,192,0.1529223879767169,0.06443298969072164,0.14948453608247422,0.3505154639175257,1552,rare
1156,193,0.18296310150646888,0.09529411764705882,0.18823529411764706,0.3635294117647059,3409,common
1157,194,0.1063479901255115,0.03969754253308128,0.09829867674858224,0.2315689981096408,4238,common
1158,195,0.16781255105532414,0.06,0.185,0.41,806,rare
1159,196,0.13161347188723685,0.056210964607911175,0.12421929215822344,0.2758501040943789,11537,very common
1160,197,0.13040961609620602,0.0465587044534413,0.12398785425101215,0.3001012145748988,7913,very common
1161,198,0.1607319833146135,0.08068181818181819,0.15170454545454545,0.325,7047,very common
1162,199,0.1945607215195564,0.11673151750972766,0.19455252918287935,0.3463035019455253,2064,rare
1163,200,0.12933765192884222,0.04629629629629629,0.13194444444444445,0.3032407407407408,1734,rare
1164,201,0.3773948637528967,0.24025974025974026,0.4545454545454545,0.6320346320346321,1848,rare
1165,202,0.07723749545680066,0.018421052631578942,0.06315789473684211,0.1868421052631579,1524,rare
1166,203,0.13586615236978433,0.046875,0.11979166666666667,0.3489583333333333,774,rare
1167,204,0.21251158755556704,0.13513513513513514,0.2297297297297297,0.3648648648648649,897,rare
1168,205,0.13165845765601325,0.05410122164048865,0.12041884816753927,0.2879581151832461,4590,common
1169,206,0.20951406664585928,0.07407407407407407,0.2345679012345679,0.4938271604938271,654,rare
1170,207,0.18755436373699405,0.1096938775510204,0.1862244897959184,0.3316326530612245,1573,rare
1171,208,0.13491072639720034,0.058365758754863814,0.1245136186770428,0.2898832684824903,2062,rare
1172,209,0.13644106077914106,0.05789473684210526,0.13473684210526315,0.2894736842105263,3808,common
1173,210,0.12689009754079605,0.05555555555555555,0.12878787878787878,0.27525252525252525,1588,rare
1174,211,0.2294881219159984,0.13592233009708735,0.255663430420712,0.3867313915857605,2478,rare
1175,212,0.14476318371483154,0.05668934240362813,0.14285714285714285,0.3083900226757369,3528,common
1176,213,0.32493655765434554,0.2125,0.3375,0.58125,643,rare
1177,214,0.11810358164461343,0.038461538461538464,0.10805860805860806,0.2765567765567766,2184,rare
1178,215,0.1827130204982097,0.08838709677419355,0.18451612903225809,0.3767741935483871,6209,common
1179,216,0.10151269814958036,0.024844720496894408,0.09316770186335403,0.2484472049689441,1290,rare
1180,217,0.23741092644013215,0.11666666666666667,0.25833333333333336,0.5333333333333333,480,very rare
1181,218,0.1666672127085352,0.07259206798866856,0.16678470254957506,0.3558781869688385,11298,very common
1182,219,0.4758338022604558,0.3493975903614458,0.5642570281124498,0.6947791164658634,1993,rare
1183,220,0.10848301911483424,0.049653579676674366,0.08429561200923788,0.2159353348729792,3469,common
1184,221,0.3367057562391254,0.23134328358208955,0.3781094527363184,0.5298507462686567,1616,rare
1185,222,0.12407214422847787,0.04166666666666666,0.1,0.3416666666666667,480,very rare
1186,223,0.1134647548531397,0.03885135135135135,0.10810810810810813,0.2668918918918919,2368,rare
1187,224,0.13095192128602698,0.054826616682286784,0.1232427366447985,0.2820993439550141,8543,very common
1188,225,0.13842538431371626,0.05495103373231774,0.13764961915125135,0.2997823721436344,7352,very common
1189,226,0.16238237784886014,0.07471264367816093,0.16666666666666666,0.3505747126436782,696,rare
1190,227,0.3157979744364892,0.2,0.34,0.58,1406,rare
1191,228,0.12567440268134308,0.052784222737819034,0.1177494199535963,0.25986078886310904,6897,common
1192,229,0.11210945031295833,0.0392156862745098,0.12745098039215685,0.2352941176470588,417,very rare
1193,230,0.10100116076666872,0.03289473684210526,0.09210526315789473,0.2236842105263158,614,rare
1194,231,0.11989302544904205,0.038461538461538464,0.1,0.26153846153846155,524,rare
1195,232,0.1719724719586013,0.08922558922558922,0.17003367003367004,0.3265993265993266,2383,rare
1196,233,0.15130641559980568,0.075046904315197,0.15384615384615385,0.28330206378986866,4271,common
1197,234,0.1279637857052305,0.041237113402061855,0.12371134020618554,0.3247422680412371,778,rare
1198,235,0.16067642414656005,0.08146067415730338,0.15168539325842698,0.31086142322097376,4274,common
1199,236,0.1108300700605798,0.04098360655737705,0.1092896174863388,0.2295081967213115,1465,rare
1200,237,0.21976906510604155,0.1446280991735537,0.21074380165289253,0.39669421487603307,975,rare
1201,238,0.15147959470762232,0.0659090909090909,0.14545454545454545,0.3363636363636364,1765,rare
1202,239,0.2004665626440284,0.12280701754385966,0.195906432748538,0.3742690058479532,1373,rare
1203,240,0.2543162228169366,0.16265060240963855,0.2710843373493976,0.4578313253012048,666,rare
1204,241,0.12821007487090266,0.05111111111111112,0.12777777777777774,0.2677777777777778,3602,common
1205,242,0.10550678449340442,0.03424657534246575,0.08904109589041095,0.2876712328767123,589,rare
1206,243,0.10231411743044212,0.032692307692307694,0.09423076923076924,0.2423076923076923,2089,rare
1207,244,0.4332606105788365,0.3220338983050847,0.4661016949152542,0.6610169491525424,480,very rare
1208,245,0.09570344227360242,0.034883720930232565,0.08192389006342495,0.20137420718816068,7572,very common
1209,246,0.15452076355061173,0.0782122905027933,0.1452513966480447,0.30726256983240224,1433,rare
1210,247,0.1984232741082265,0.1007751937984496,0.1996124031007752,0.4050387596899225,4136,common
1211,248,0.1994088555273015,0.08254716981132075,0.214622641509434,0.4528301886792453,1701,rare
1212,249,0.1029222528712032,0.03211009174311927,0.07339449541284404,0.26605504587155965,875,rare
1213,250,0.10407576780980342,0.038461538461538464,0.0989010989010989,0.23626373626373626,730,rare
1214,251,0.24372411544325756,0.14261744966442952,0.26174496644295303,0.436241610738255,2386,rare
1215,252,0.12348474908727812,0.053389830508474574,0.1059322033898305,0.2677966101694915,4725,common
1216,253,0.13749320629986286,0.06268882175226588,0.13670694864048338,0.270392749244713,5305,common
1217,254,0.11819826171128996,0.044662309368191724,0.10838779956427017,0.2652505446623093,7351,very common
1218,255,0.1414142436553267,0.07076923076923076,0.13846153846153847,0.2661538461538461,2607,common
1219,256,0.17867562766047987,0.09,0.18,0.3583333333333333,2409,rare
1220,257,0.14393461942741895,0.06352087114337568,0.13883847549909256,0.3062613430127042,8823,very common
1221,258,0.10573729346792224,0.04534313725490196,0.09681372549019608,0.21200980392156865,6528,common
1222,259,0.15478475409238135,0.07657657657657657,0.15465465465465467,0.2897897897897898,2665,common
1223,260,0.12548132984516855,0.044407894736842105,0.12664473684210525,0.2878289473684211,2440,rare
1224,261,0.17344816786507214,0.09090909090909093,0.17768595041322313,0.3264462809917356,975,rare
1225,262,0.10241178984704093,0.03896103896103896,0.08441558441558443,0.2207792207792208,1241,rare
1226,263,0.136522224895782,0.054945054945054944,0.13186813186813187,0.3076923076923077,730,rare
1227,264,0.1648170222990172,0.07516339869281045,0.16339869281045752,0.3464052287581699,1230,rare
1228,265,0.11060651957135352,0.042105263157894736,0.10263157894736842,0.2552631578947369,1521,rare
1229,266,0.14430886790786673,0.06785714285714285,0.12678571428571428,0.3053571428571429,2244,rare
1230,267,0.3133707626217549,0.22297297297297294,0.3310810810810811,0.4662162162162162,599,rare
1231,268,0.14363915974125865,0.0707070707070707,0.1414141414141414,0.26430976430976433,2376,rare
1232,269,0.1401815963587463,0.049342105263157895,0.14473684210526316,0.33881578947368424,1221,rare
1233,270,0.11555433012575983,0.04481546572934974,0.10193321616871703,0.2592267135325132,4556,common
1234,271,0.10472910203956017,0.03225806451612903,0.10557184750733138,0.2521994134897361,2736,common
1235,272,0.16056309329794602,0.0873015873015873,0.14285714285714285,0.32936507936507936,1012,rare
1236,273,0.2298893436633448,0.10884353741496597,0.2551020408163265,0.5068027210884354,1182,rare
1237,274,0.13503366360750918,0.06017191977077364,0.1332378223495702,0.26504297994269344,2797,common
1238,275,0.16189294492219122,0.09,0.156,0.29600000000000004,2008,rare
1239,276,0.14797613215505775,0.07227488151658767,0.14454976303317535,0.2962085308056872,3383,common
1240,277,0.11839131956770547,0.04385964912280702,0.12280701754385966,0.21929824561403508,458,very rare
1241,278,0.11606429890052505,0.043434343434343436,0.11313131313131315,0.24545454545454545,7927,very common
1242,279,0.12780663059337058,0.0625,0.11842105263157895,0.2450657894736842,2435,rare
1243,280,0.12680037024883606,0.04793233082706767,0.13063909774436092,0.2631578947368421,4263,common
1244,281,0.1884238805308695,0.09496124031007752,0.194905869324474,0.3751384274640089,14449,very common
1245,282,0.14829544485688873,0.06722689075630252,0.14705882352941174,0.28991596638655465,952,rare
1246,283,0.1610282560624407,0.08041958041958043,0.1555944055944056,0.3164335664335665,2296,rare
1247,284,0.11825645221743065,0.04751131221719457,0.1085972850678733,0.26018099547511314,3543,common
1248,285,0.11998740756322646,0.03804347826086957,0.10869565217391304,0.2880434782608696,737,rare
1249,286,0.16716673561876882,0.06578947368421052,0.18092105263157893,0.375,1217,rare
1250,287,0.136384152401249,0.06796116504854369,0.13228155339805825,0.27063106796116504,3297,common
1251,288,0.24527949460727094,0.16666666666666666,0.2564102564102564,0.4273504273504273,942,rare
1252,289,0.18969685457468902,0.09888059701492537,0.1958955223880597,0.373134328358209,2150,rare
1253,290,0.14493995597846113,0.06038647342995169,0.15458937198067632,0.3164251207729469,1661,rare
1254,291,0.14372784449649273,0.05780346820809248,0.1416184971098266,0.3208092485549133,4161,common
1255,292,0.124363208656979,0.05167173252279635,0.11170212765957446,0.26595744680851063,10531,very common
1256,293,0.13824498484740874,0.06683673469387755,0.1270408163265306,0.2653061224489796,7848,very common
1257,294,0.12873044950403778,0.05346820809248555,0.1184971098265896,0.2904624277456647,2771,common
1258,295,0.1208830717678736,0.049726277372262775,0.11085766423357664,0.2554744525547445,8768,very common
1259,296,0.13377780134662876,0.05384615384615385,0.12692307692307692,0.27307692307692305,1040,rare
1260,297,0.14861639109461414,0.07097591888466412,0.14638783269961975,0.29721166032953106,6315,common
1261,298,0.1299321212656309,0.05219072164948454,0.12306701030927834,0.2809278350515464,6214,common
1262,299,0.11841989636178925,0.02112676056338028,0.1056338028169014,0.3380281690140845,570,rare
1263,300,0.09683023200926524,0.03424657534246575,0.0821917808219178,0.1952054794520548,1176,rare
1264,301,0.1508488741861241,0.07432432432432433,0.14189189189189189,0.2989864864864865,2372,rare
1265,302,0.11427569228921346,0.034883720930232565,0.10465116279069768,0.25,693,rare
1266,303,0.1147343489237072,0.045121951219512194,0.1024390243902439,0.2386178861788618,9849,very common
1267,304,0.16811567118018436,0.08971962616822429,0.1691588785046729,0.308411214953271,4281,common
1268,305,0.1210958942392306,0.05530973451327434,0.1073008849557522,0.2411504424778761,3617,common
1269,306,0.11049471340017272,0.039560439560439566,0.0956043956043956,0.25164835164835164,3645,common
1270,307,0.09607800857914817,0.027027027027027032,0.08445945945945946,0.2195945945945946,1191,rare
1271,308,0.13316786114530652,0.060175054704595186,0.12308533916849015,0.27680525164113784,7320,very common
1272,309,0.13277963767903025,0.05555555555555555,0.1292517006802721,0.2925170068027211,3532,common
1273,310,0.13811148047687155,0.054755043227665716,0.13328530259365995,0.2968299711815562,5552,common
1274,311,0.1051948304095844,0.037313432835820885,0.08955223880597014,0.23507462686567165,3224,common
1275,312,0.14248399523402372,0.0644122383252818,0.12962962962962962,0.3043478260869565,4973,common
1276,313,0.1544653299875102,0.07397260273972603,0.14863013698630134,0.3136986301369863,5848,common
1277,314,0.10411967112446432,0.03793774319066148,0.0933852140077821,0.2324902723735409,4115,common
1278,315,0.1296812558412396,0.048507462686567165,0.11567164179104478,0.30223880597014924,1075,rare
1279,316,0.12431911114810924,0.054744525547445265,0.11861313868613138,0.24635036496350365,2194,rare
1280,317,0.10540234863630146,0.040816326530612235,0.09821428571428573,0.22576530612244894,3144,common
1281,318,0.09408332174043983,0.033584647018505824,0.07607950651130911,0.20973269362577107,11675,very common
1282,319,0.14401135686502098,0.056213017751479286,0.14497041420118342,0.31301775147928995,6765,common
1283,320,0.12828986051481134,0.046482412060301515,0.1243718592964824,0.28391959798994976,3187,common
1284,321,0.15783048572542632,0.07057057057057058,0.17117117117117114,0.33483483483483484,2669,common
1285,322,0.07775121661427059,0.01680672268907563,0.06722689075630252,0.19327731092436976,953,rare
1286,323,0.1593729699839806,0.08632478632478632,0.15726495726495726,0.2914529914529915,4685,common
1287,324,0.12297800084937115,0.051969365426695835,0.11816192560175055,0.2642231947483589,7315,very common
1288,325,0.1863724157979989,0.09220231822971547,0.1862486828240253,0.3848788198103267,15184,very very common
1289,326,0.12622525518209154,0.04878048780487805,0.11178861788617886,0.2967479674796748,1974,rare
1290,327,0.11699629047577995,0.04838709677419355,0.1129032258064516,0.22043010752688166,751,rare
1291,328,0.13840834075848912,0.056213017751479286,0.13609467455621302,0.3195266272189349,1358,rare
1292,329,0.1037138873196038,0.02674897119341564,0.08847736625514402,0.25102880658436216,1953,rare
1293,330,0.4181035239154067,0.27,0.48,0.74,408,very rare
1294,331,0.10855522114647202,0.044235924932975866,0.096514745308311,0.23726541554959785,2991,common
1295,332,0.13333013155236595,0.05327868852459016,0.13114754098360654,0.3278688524590164,976,rare
1296,333,0.15941638544537848,0.07972027972027973,0.14755244755244756,0.3216783216783217,5724,common
1297,334,0.12534289849197816,0.04219409282700422,0.12025316455696206,0.2911392405063291,1901,rare
1298,335,0.1479462080347258,0.05,0.18,0.33,404,very rare
1299,336,0.14177497192462,0.05,0.15,0.3,488,very rare
1300,337,0.06199935754207304,0.00909090909090909,0.045454545454545456,0.15454545454545454,447,very rare
1301,338,0.12852644447396985,0.061349693251533735,0.11744084136722173,0.2467134092900964,9128,very common
1302,339,0.18142065134054008,0.08247422680412371,0.1855670103092784,0.38144329896907214,784,rare
1303,340,0.09899266974980817,0.033123028391167195,0.08832807570977919,0.23974763406940064,2538,common
1304,341,0.24336108632597586,0.12608695652173912,0.2826086956521739,0.4739130434782609,923,rare
1305,342,0.1697844889047426,0.10327455919395466,0.16498740554156172,0.2871536523929471,3180,common
1306,343,0.1675835367672706,0.08254716981132075,0.16037735849056606,0.3478773584905661,3399,common
1307,344,0.14464976941138294,0.075,0.1431818181818182,0.27045454545454545,1761,rare
1308,345,0.12869139046949124,0.036458333333333336,0.140625,0.2864583333333333,768,rare
1309,346,0.1138666050068517,0.03571428571428571,0.1020408163265306,0.28826530612244894,1574,rare
1310,347,0.14508147792170314,0.06515957446808511,0.14893617021276595,0.2845744680851064,3016,common
1311,348,0.1291834739496483,0.05,0.1,0.3583333333333333,483,very rare
1312,349,0.1213962667501427,0.046610169491525424,0.11440677966101695,0.2838983050847458,950,rare
1313,350,0.12736962663393828,0.04875886524822695,0.12677304964539007,0.28102836879432624,4515,common
1314,351,0.155907817287922,0.07142857142857142,0.16517857142857142,0.29910714285714285,899,rare
1315,352,0.1407076788301694,0.06525735294117647,0.1323529411764706,0.2821691176470588,4359,common
1316,353,0.19061454623934554,0.08333333333333333,0.1987179487179487,0.4166666666666667,632,rare
1317,354,0.12103667460320147,0.043209876543209874,0.09876543209876544,0.308641975308642,652,rare
1318,355,0.16496031778862036,0.07547169811320754,0.16352201257861634,0.34591194968553457,1275,rare
1319,356,0.12821564533369142,0.055248618784530384,0.12223756906077347,0.2672651933701657,5801,common
1320,357,0.13579360724255315,0.03947368421052632,0.14473684210526316,0.3157894736842105,917,rare
1321,358,0.16194392512895106,0.08359133126934984,0.15479876160990713,0.3281733746130031,2584,common
1322,359,0.1204896611238188,0.039301310043668124,0.12008733624454147,0.27729257641921395,1835,rare
1323,360,0.14688336799320093,0.05555555555555555,0.14814814814814814,0.3287037037037037,868,rare
1324,361,0.1571717008009275,0.07073170731707316,0.15121951219512195,0.33658536585365856,1644,rare
1325,362,0.1211796325315224,0.05555555555555555,0.09523809523809523,0.2619047619047619,510,rare
1326,363,0.25868531702540065,0.18032786885245905,0.2581967213114754,0.4221311475409836,982,rare
1327,364,0.11313158852154692,0.032786885245901634,0.10245901639344264,0.26741803278688525,3907,common
1328,365,0.14100772519761462,0.06531531531531531,0.14189189189189189,0.29504504504504503,1783,rare
1329,366,0.3067920732016659,0.2065217391304348,0.33695652173913043,0.4891304347826087,741,rare
1330,367,0.19364043929534347,0.10400000000000001,0.2,0.396,1001,rare
1331,368,0.12755082183593128,0.04694621695533273,0.12488605287146765,0.28258887876025524,8785,very common
1332,369,0.15852103159428907,0.0717230008244023,0.15766694146743612,0.3303792250618301,19408,very very common
1333,370,0.11809323650399473,0.046544035674470456,0.11036789297658862,0.2525083612040134,14357,very common
1334,371,0.15396446781125445,0.07272727272727272,0.13636363636363635,0.3272727272727273,446,very rare
1335,372,0.3169549053849201,0.2531645569620253,0.310126582278481,0.4303797468354431,634,rare
1336,373,0.11373934567760273,0.04270833333333333,0.10520833333333332,0.24479166666666666,3842,common
1337,374,0.203565725766522,0.11618257261410787,0.21369294605809128,0.3547717842323652,1933,rare
1338,375,0.11162775128325086,0.041012216404886566,0.09947643979057592,0.2486910994764398,4586,common
1339,376,0.12556527070380186,0.051215277777777776,0.11263020833333333,0.2701822916666667,18435,very very common
1340,377,0.1838973410488242,0.09046961325966853,0.18577348066298344,0.3715469613259669,5798,common
1341,378,0.09804861915651897,0.031446540880503145,0.07127882599580712,0.2222222222222222,3821,common
1342,379,0.12275823545439657,0.0480349344978166,0.12372634643377002,0.259825327510917,11001,very common
1343,380,0.13247254938638625,0.06043956043956044,0.1282051282051282,0.2802197802197802,2184,rare
1344,381,0.13208588750012248,0.050335570469798654,0.12919463087248326,0.2802013422818792,2386,rare
1345,382,0.10558053821845216,0.03244005641748942,0.09026798307475316,0.2609308885754584,5680,common
1346,383,0.14590066733481133,0.06427015250544663,0.14052287581699344,0.3093681917211329,3673,common
1347,384,0.11893239973287477,0.03932584269662921,0.12359550561797752,0.2528089887640449,712,rare
1348,385,0.20414996766765714,0.11572700296735905,0.22106824925816024,0.3768545994065282,2696,common
1349,386,0.16258797443769235,0.06,0.16,0.38,605,rare
1350,387,0.1366712094968233,0.05794871794871795,0.13076923076923078,0.29435897435897435,7804,very common
1351,388,0.2856603324828881,0.18719211822660095,0.30952380952380953,0.4679802955665025,4873,common
1352,389,0.13594813668303155,0.06763285024154589,0.1280193236714976,0.2391304347826087,1662,rare
1353,390,0.11754904467113395,0.04753309265944645,0.1125150421179302,0.2346570397111913,6651,common
1354,391,0.11356400966995014,0.04120111731843575,0.1005586592178771,0.2541899441340782,5729,common
1355,392,0.1453022184650246,0.06382978723404255,0.14893617021276595,0.3120567375886525,1129,rare
1356,393,0.08040218914562709,0.02325581395348837,0.05980066445182725,0.18438538205980065,2416,rare
1357,394,0.2758893041420549,0.19329896907216496,0.28865979381443296,0.4484536082474227,1554,rare
1358,395,0.1604435827924279,0.06179775280898876,0.16104868913857678,0.3782771535580524,2143,rare
1359,396,0.10473550488386812,0.0330188679245283,0.08018867924528301,0.2594339622641509,854,rare
1360,397,0.11843904536266375,0.050082553659878924,0.10566868464501926,0.2454595487066593,14543,very common
1361,398,0.1212103098300569,0.04903417533432392,0.11292719167904905,0.2563150074294205,5389,common
1362,399,0.0957657565501925,0.03048780487804878,0.054878048780487805,0.2682926829268293,657,rare
1363,400,0.2568190565344195,0.1413793103448276,0.2793103448275862,0.5137931034482759,1164,rare
1364,401,0.1696798060209305,0.081973293768546,0.16543026706231453,0.3508902077151335,10786,very common
1365,402,0.1343683156896235,0.061708860759493674,0.12974683544303794,0.2816455696202532,2532,common
1366,403,0.12946849879048633,0.057142857142857134,0.12546583850931678,0.2664596273291925,6443,common
1367,404,0.09917990116300857,0.030726256983240226,0.08985102420856611,0.228584729981378,8601,very common
1368,405,0.1785444496256694,0.0790273556231003,0.182370820668693,0.39361702127659576,2634,common
1369,406,0.1153771957000657,0.04444444444444445,0.1148148148148148,0.2518518518518518,1089,rare
1370,407,0.1598403866706101,0.07240204429301532,0.1686541737649063,0.3304940374787053,4705,common
1371,408,0.16707583703717946,0.07222222222222223,0.16666666666666666,0.34444444444444444,721,rare
1372,409,0.17519363806554836,0.08602150537634409,0.16129032258064516,0.3763440860215054,749,rare
1373,410,0.10767351066433213,0.0375,0.095,0.2375,1605,rare
1374,411,0.12117385197638073,0.04655493482309125,0.1266294227188082,0.260707635009311,4300,common
1375,412,0.1618813591219074,0.07857142857142857,0.16904761904761906,0.3309523809523809,1687,rare
1376,413,0.10742977905547063,0.045969773299748114,0.0906801007556675,0.2141057934508816,6356,common
1377,414,0.11546525663076232,0.046529968454258684,0.09858044164037856,0.24605678233438485,5077,common
1378,415,0.1165095623780829,0.0444954128440367,0.10550458715596332,0.25229357798165136,17446,very very common
1379,416,0.26990503341451844,0.1411764705882353,0.3235294117647059,0.5176470588235295,687,rare
1380,417,0.2444248683029686,0.16666666666666666,0.2564102564102564,0.3743589743589744,1565,rare
1381,418,0.11158389555185176,0.03184713375796178,0.1035031847133758,0.25796178343949044,2519,common
1382,419,0.1293146668277577,0.05555555555555555,0.1507936507936508,0.2619047619047619,508,rare
1383,420,0.16628541688315254,0.05882352941176471,0.15441176470588236,0.3897058823529412,551,rare
1384,421,0.19849734689135806,0.11042183622828784,0.19851116625310172,0.3759305210918114,3225,common
1385,422,0.1401230100191615,0.05688622754491018,0.12874251497005987,0.3143712574850299,2681,common
1386,423,0.18015020447241675,0.09223300970873786,0.16990291262135926,0.3640776699029126,828,rare
1387,424,0.15858487426825596,0.08653846153846154,0.1346153846153846,0.3076923076923077,834,rare
1388,425,0.11241844034102888,0.04240837696335079,0.1,0.24267015706806286,15280,very very common
1389,426,0.1350911516421334,0.048843187660668384,0.14138817480719795,0.2943444730077121,3116,common
1390,427,0.11086411848762613,0.04444444444444445,0.10476190476190476,0.21904761904761905,2526,common
1391,428,0.13768675361649246,0.05612244897959184,0.1326530612244898,0.2755102040816326,1572,rare
1392,429,0.3137712096102813,0.21621621621621626,0.35135135135135137,0.4864864864864865,897,rare
1393,430,0.11486688536355273,0.046997389033942565,0.10378590078328982,0.23368146214099214,6137,common
1394,431,0.12389890230935464,0.044495715227422544,0.12129202373104812,0.27554383651944625,12137,very common
1395,432,0.12981916336828844,0.05,0.1234375,0.296875,2568,common
1396,433,0.3202774544508352,0.20967741935483872,0.3602150537634409,0.5053763440860215,746,rare
1397,434,0.11373170356405354,0.03937007874015748,0.1122047244094488,0.2440944881889764,2032,rare
1398,435,0.2098781058516804,0.11131059245960502,0.22262118491921004,0.4129263913824057,4459,common
1399,436,0.2148349398226551,0.13043478260869565,0.21014492753623187,0.37681159420289856,1108,rare
1400,437,0.18791434442109564,0.09859154929577464,0.18309859154929575,0.39436619718309857,572,rare
1401,438,0.2053286633732201,0.10645933014354067,0.1997607655502392,0.42105263157894735,3344,common
1402,439,0.14781930159618545,0.06642066420664207,0.13468634686346864,0.3118081180811808,4340,common
1403,440,0.20051377546838392,0.08860759493670886,0.21518987341772156,0.4493670886075949,633,rare
1404,441,0.3283805487821925,0.2569444444444444,0.3402777777777778,0.4583333333333333,576,rare
1405,442,0.22548806327010115,0.1076923076923077,0.2230769230769231,0.476923076923077,523,rare
1406,443,0.12687288815677555,0.042763157894736836,0.12828947368421054,0.2697368421052632,1219,rare
1407,444,0.12400892534567208,0.053784860557768925,0.11752988047808766,0.2649402390438247,2008,rare
1408,445,0.10508997092944916,0.0356839422259983,0.09005947323704333,0.2425658453695837,9421,very common
1409,446,0.12368032741778842,0.05612244897959184,0.11564625850340135,0.2568027210884354,2358,rare
1410,447,0.14631278408749804,0.07216494845360824,0.13530927835051546,0.2963917525773196,3105,common
1411,448,0.24300513155935105,0.15746753246753248,0.26055194805194803,0.4034090909090909,4931,common
1412,449,0.1525989519773044,0.05921052631578948,0.15789473684210525,0.3355263157894737,617,rare
1413,450,0.1550133966019458,0.07242339832869081,0.15877437325905291,0.3022284122562674,2874,common
1414,451,0.10741582280349024,0.038525963149078725,0.08835845896147404,0.2483249581239531,9552,very common
1415,452,0.11377122015935473,0.03787878787878788,0.09090909090909093,0.2727272727272727,529,rare
1416,453,0.11723602475975295,0.041040100250626564,0.1049498746867168,0.26284461152882205,12769,very common
1417,454,0.15764633352803134,0.08823529411764706,0.13970588235294118,0.29411764705882354,545,rare
1418,455,0.12710636614848214,0.049152542372881365,0.12245762711864408,0.27627118644067794,9445,very common
1419,456,0.09225431039142602,0.027777777777777776,0.0807748538011696,0.20211988304093567,10952,very common
1420,457,0.2698192570002286,0.1503267973856209,0.30392156862745096,0.5163398692810458,1230,rare
1421,458,0.12380441353193873,0.05434782608695652,0.11490683229813665,0.255175983436853,7734,very common
1422,459,0.1313438550492257,0.0547945205479452,0.1232876712328767,0.273972602739726,590,rare
1423,460,0.11665511524674177,0.045454545454545456,0.10909090909090907,0.2522727272727273,3529,common
1424,461,0.1610753363626566,0.0733489187609585,0.16130917592051433,0.3296317942723553,13690,very common
1425,462,0.1052413258950498,0.03626943005181347,0.10621761658031087,0.2357512953367876,1553,rare
1426,463,0.2543584126836589,0.18333333333333326,0.2433333333333333,0.39666666666666667,1203,rare
1427,464,0.19689798644759585,0.1176470588235294,0.1862745098039216,0.357843137254902,820,rare
1428,465,0.14076575572128594,0.0615079365079365,0.13293650793650796,0.2922335600907029,14120,very common
1429,466,0.1334995722987177,0.05314009661835749,0.1246376811594203,0.28599033816425123,8282,very common
1430,467,0.17905093797540814,0.09117647058823528,0.18235294117647055,0.3617647058823529,5449,common
1431,468,0.14725401211222702,0.06600831600831601,0.13357588357588354,0.3201663201663202,7697,very common
1432,469,0.13393970956093448,0.060109289617486336,0.1174863387978142,0.2540983606557377,1471,rare
1433,470,0.1144767362023837,0.05035128805620609,0.1053864168618267,0.234192037470726,3425,common
1434,471,0.10818589161056977,0.02706185567010309,0.1095360824742268,0.25902061855670105,3111,common
1435,472,0.17033604879899872,0.06,0.19333333333333333,0.3333333333333333,601,rare
1436,473,0.13155212157293295,0.05490483162518302,0.1273792093704246,0.2884333821376281,5469,common
1437,474,0.13353927292634651,0.04310344827586207,0.1206896551724138,0.3620689655172414,467,very rare
1438,475,0.2080686611377803,0.09897172236503857,0.2152956298200514,0.442159383033419,6225,common
1439,476,0.2195914379362445,0.11347517730496455,0.2375886524822695,0.4299645390070922,4521,common
1440,477,0.1552774436621372,0.07,0.16,0.324,2003,rare
1441,478,0.11296675917252386,0.044679399727148704,0.1053888130968622,0.2329467939972715,11733,very common
1442,479,0.2259501863801002,0.12437810945273632,0.2512437810945274,0.4253731343283582,1611,rare
1443,480,0.2438414356552545,0.12837837837837834,0.27702702702702703,0.4864864864864865,597,rare
1444,481,0.11878395514335725,0.0335195530726257,0.11452513966480447,0.3100558659217877,1434,rare
1445,482,0.11505985335871098,0.040816326530612235,0.11224489795918367,0.25637755102040816,3140,common
1446,483,0.1499525062214365,0.07352941176470587,0.1323529411764706,0.3014705882352941,549,rare
1447,484,0.1408494009246436,0.06405693950177936,0.1435349940688019,0.2811387900355872,6752,common
1448,485,0.15976678605582054,0.08862876254180603,0.15217391304347827,0.2993311036789298,2395,rare
1449,486,0.1335252065857897,0.07094594594594594,0.125,0.2668918918918919,1186,rare
1450,487,0.16900804474478162,0.07944915254237288,0.17584745762711865,0.3548728813559322,3783,common
1451,488,0.11600830590979345,0.03571428571428571,0.1173469387755102,0.2397959183673469,791,rare
1452,489,0.12645427201722628,0.04845580404685836,0.1211395101171459,0.2675718849840256,15029,very very common
1453,490,0.1398000521017914,0.056683168316831685,0.13193069306930694,0.3103960396039604,16164,very very common
1454,491,0.1450112622200736,0.052795031055900624,0.14906832298136646,0.33695652173913043,2581,common
1455,492,0.1805503895990485,0.07407407407407407,0.16666666666666666,0.4768518518518519,869,rare
1456,493,0.16520474782118433,0.08431703204047218,0.16947723440134907,0.3288364249578415,4748,common
1457,494,0.11241158598518518,0.04185022026431718,0.11013215859030837,0.24008810572687225,1824,rare
1458,495,0.16447332172257847,0.06888888888888889,0.17555555555555555,0.3466666666666667,1806,rare
1459,496,0.1268615313837195,0.05338078291814947,0.10587188612099643,0.2749110320284697,4504,common
1460,497,0.18298243728856214,0.07262569832402235,0.19273743016759776,0.4217877094972067,1434,rare
1461,498,0.09520702800566676,0.034324942791762014,0.08581235697940504,0.19679633867276888,10495,very common
1462,499,0.1245751616913526,0.059322033898305086,0.11016949152542373,0.2612994350282486,2833,common
1463,500,0.11812485364638198,0.040469973890339433,0.11879895561357702,0.26370757180156656,3067,common
1464,501,0.14256396671762395,0.05472263868065967,0.13268365817091454,0.33583208395802105,5336,common
1465,502,0.1402114932042319,0.04385964912280702,0.14912280701754385,0.3640350877192983,919,rare
1466,503,0.11329592940850335,0.03289473684210526,0.07894736842105263,0.3157894736842105,613,rare
1467,504,0.10098628035974412,0.027272727272727268,0.09090909090909093,0.23863636363636365,3527,common
1468,505,0.12724351558415825,0.05740181268882175,0.11858006042296072,0.2537764350453172,5303,common
1469,506,0.22001543823916012,0.11386138613861388,0.24257425742574254,0.4207920792079208,810,rare
1470,507,0.1309770825241193,0.053409090909090906,0.1318181818181818,0.27045454545454545,3528,common
1471,508,0.2087633203389274,0.12121212121212123,0.22294372294372292,0.3744588744588744,1849,rare
1472,509,0.1337735565095814,0.058558558558558564,0.12237237237237238,0.2867867867867868,5328,common
1473,510,0.25097537155446864,0.1232876712328767,0.3082191780821918,0.4589041095890411,587,rare
1474,511,0.14860596622917108,0.06271379703534778,0.153363740022805,0.314709236031927,7021,very common
1475,512,0.15469113700224846,0.0748587570621469,0.1483050847457627,0.3135593220338983,2836,common
1476,513,0.09904541492381376,0.03883495145631068,0.07524271844660194,0.21359223300970875,1650,rare
1477,514,0.2319853839137491,0.12569832402234635,0.24860335195530725,0.446927374301676,1434,rare
1478,515,0.3086118188034601,0.21348314606741567,0.3089887640449438,0.5112359550561798,720,rare
1479,516,0.334389871573272,0.2297297297297297,0.375,0.5202702702702703,1193,rare
1480,517,0.10196628997790842,0.035483870967741936,0.08709677419354839,0.2161290322580645,1242,rare
1481,518,0.14036618140651824,0.06228373702422145,0.13062283737024222,0.3027681660899654,4629,common
1482,519,0.07745966713110512,0.022920203735144317,0.06706281833616297,0.16893039049235994,4715,common
1483,520,0.15392446749605834,0.06843434343434343,0.15404040404040406,0.323989898989899,15843,very very common
1484,521,0.12530504383783328,0.050106609808102345,0.11940298507462685,0.27185501066098083,3761,common
1485,522,0.0960341429504868,0.039568345323741004,0.0737410071942446,0.2032374100719425,2227,rare
1486,523,0.09760900033291872,0.02873563218390805,0.08045977011494253,0.2298850574712644,705,rare
1487,524,0.13222628665883768,0.06306990881458968,0.12386018237082068,0.25835866261398177,5273,common
1488,525,0.11727360303205045,0.04787234042553192,0.09816247582205027,0.25338491295938104,8280,very common
1489,526,0.10993967310898722,0.037155963302752296,0.09770642201834864,0.2422018348623853,8722,very common
1490,527,0.1618549090494669,0.08149779735682819,0.15198237885462554,0.3303964757709251,5454,common
1491,528,0.13230521931077102,0.0603448275862069,0.15517241379310345,0.25,473,very rare
1492,529,0.2881276017707997,0.1792452830188679,0.3018867924528302,0.5377358490566038,427,very rare
1493,530,0.0989634691623974,0.03283410138248848,0.08870967741935484,0.222926267281106,6945,common
1494,531,0.11353986724866345,0.0365296803652968,0.09512937595129377,0.2709284627092846,5259,common
1495,532,0.1566200990550633,0.06867804684398571,0.15502183406113534,0.333465660976578,20152,very very common
1496,533,0.10104679884763552,0.03372681281618887,0.09443507588532883,0.22175379426644184,4750,common
1497,534,0.26201020710938155,0.1701388888888889,0.28125,0.4583333333333333,1158,rare
1498,535,0.12254918944590565,0.04861111111111111,0.125,0.2638888888888889,585,rare
1499,536,0.26368124104904433,0.16071428571428573,0.2797619047619048,0.4880952380952381,674,rare
1500,537,0.14763713534701073,0.07758620689655173,0.14655172413793102,0.3017241379310345,467,very rare
1501,538,0.12511972927800832,0.03383458646616541,0.13533834586466165,0.2744360902255639,1064,rare
1502,539,0.1308022534545454,0.05,0.12252747252747252,0.2901098901098901,7282,very common
1503,540,0.11536386723566558,0.053315994798439535,0.09362808842652796,0.2327698309492848,6154,common
1504,541,0.11947156695790692,0.03666666666666667,0.11333333333333333,0.2766666666666667,1207,rare
1505,542,0.14217107997521194,0.060526315789473685,0.13157894736842105,0.33157894736842103,1525,rare
1506,543,0.13195080926365724,0.056982343499197424,0.1260032102728732,0.2768860353130016,4991,common
1507,544,0.12654348018095812,0.04403409090909091,0.12357954545454546,0.2784090909090909,2819,common
1508,545,0.1124861081233158,0.03825857519788918,0.10817941952506596,0.25725593667546176,3034,common
1509,546,0.15575971828361232,0.0689410092395167,0.14854299928926795,0.3272921108742004,11257,very common
1510,547,0.13645793156075506,0.057005104934770276,0.13272830402722632,0.28871242200794106,14113,very common
1511,548,0.14952658051794254,0.07539682539682539,0.14087301587301587,0.2837301587301587,2019,rare
1512,549,0.09017881099974964,0.025602409638554216,0.0783132530120482,0.21084337349397592,2657,common
1513,550,0.14646076624490442,0.05729166666666665,0.13541666666666666,0.328125,769,rare
1514,551,0.1099165657930006,0.018867924528301886,0.11320754716981132,0.2735849056603773,424,very rare
1515,552,0.16764960725314454,0.08602150537634409,0.1774193548387097,0.3279569892473118,745,rare
1516,553,0.1567399958109011,0.07508090614886731,0.15080906148867315,0.3226537216828479,12360,very common
1517,554,0.3542678344841416,0.23553719008264465,0.3884297520661157,0.6033057851239669,977,rare
1518,555,0.1373644555319337,0.05252100840336135,0.13445378151260504,0.3088235294117647,1909,rare
1519,556,0.1262777011608423,0.05084745762711865,0.125,0.2722457627118644,3776,common
1520,557,0.130092837005311,0.05409356725146199,0.11915204678362573,0.2865497076023392,5480,common
1521,558,0.1257178130344734,0.05222841225626741,0.1131615598885794,0.2694986072423398,11495,very common
1522,559,0.13179100433826454,0.04166666666666666,0.13541666666666666,0.3072916666666667,771,rare
1523,560,0.10223329362921743,0.03938115330520394,0.08860759493670886,0.21659634317862167,5697,common
1524,561,0.18929715493888688,0.10569105691056913,0.2073170731707317,0.36585365853658536,990,rare
1525,562,0.16887884834006542,0.07758620689655173,0.1724137931034483,0.3965517241379311,468,very rare
1526,563,0.11886051917514805,0.050420168067226885,0.10609243697478993,0.24107142857142855,7621,very common
1527,564,0.1909683730784254,0.09278350515463918,0.20103092783505155,0.36597938144329895,776,rare
1528,565,0.15880115997337618,0.07913413768630234,0.14868701206529453,0.3204400283889283,11281,very common
1529,566,0.26957999986584674,0.1568627450980392,0.28921568627450983,0.5098039215686274,816,rare
1530,567,0.1490484047399242,0.06501950585175552,0.15019505851755527,0.3107932379713914,6152,common
1531,568,0.19212750493024894,0.0948905109489051,0.1998175182481752,0.3914233576642336,4393,common
1532,569,0.22011233710541048,0.1111111111111111,0.23555555555555555,0.46,1804,rare
1533,570,0.11554869552096085,0.04045307443365696,0.10679611650485436,0.2520226537216829,9897,very common
1534,571,0.2035028379454882,0.10550458715596332,0.22477064220183487,0.4036697247706422,879,rare
1535,572,0.122055078959742,0.049775208734746314,0.10725754656390496,0.2662170841361593,12461,very common
1536,573,0.13616154904229774,0.06365159128978225,0.12479061976549413,0.2721943048576214,4780,common
1537,574,0.4815336183047596,0.4074074074074074,0.4938271604938271,0.6790123456790124,648,rare
1538,575,0.17947172641244108,0.09494773519163764,0.18902439024390244,0.3397212543554007,4595,common
1539,576,0.08675412024375759,0.007936507936507936,0.07936507936507936,0.2698412698412698,508,rare
1540,577,0.1431155255300851,0.045454545454545456,0.14393939393939395,0.3484848484848485,533,rare
1541,578,0.06117237685390135,0.0,0.038461538461538464,0.16923076923076924,520,rare
1542,579,0.2941790666690301,0.22916666666666666,0.2916666666666667,0.4166666666666667,1345,rare
1543,580,0.2939740963500391,0.21739130434782608,0.26811594202898553,0.5,556,rare
1544,581,0.1112107505531524,0.034722222222222224,0.10416666666666667,0.2638888888888889,581,rare
1545,582,0.11154294704288507,0.04395604395604396,0.09065934065934066,0.23626373626373626,1464,rare
1546,583,0.1064863007529874,0.03443708609271523,0.09867549668874173,0.25496688741721857,6044,common
1547,584,0.1606062076208737,0.06513761467889909,0.1596330275229358,0.3623853211009174,4365,common
1548,585,0.21891109199573872,0.12804878048780488,0.21341463414634146,0.4024390243902439,662,rare
1549,586,0.14671670964345646,0.0705223880597015,0.14216417910447762,0.2914179104477612,10724,very common
1550,587,0.2064609415218943,0.11564625850340135,0.22789115646258504,0.3809523809523809,1181,rare
1551,588,0.2176142057842511,0.14285714285714285,0.24025974025974026,0.34415584415584416,621,rare
1552,589,0.29424891176959844,0.21794871794871795,0.3162393162393162,0.4273504273504273,942,rare
1553,590,0.14740365282089704,0.0673758865248227,0.14893617021276595,0.3049645390070922,2260,rare
1554,591,0.13103562356801515,0.06006493506493505,0.1266233766233766,0.26136363636363635,2464,rare
1555,592,0.18607054125994016,0.054545454545454536,0.2,0.509090909090909,443,very rare
1556,593,0.14682950974154818,0.05925563173359453,0.13614103819784526,0.3383937316356513,8171,very common
1557,594,0.13883369204337176,0.05288985823336968,0.133587786259542,0.3086150490730644,7339,very common
1558,595,0.14254685657570484,0.06457564575645756,0.13837638376383765,0.2822878228782288,2174,rare
1559,596,0.22377230030539244,0.13646055437100213,0.2196162046908316,0.4093816631130064,3757,common
1560,597,0.18011413016397276,0.1039426523297491,0.1720430107526882,0.3440860215053764,2240,rare
1561,598,0.15399074344835087,0.06944444444444445,0.15625,0.3263888888888889,2313,rare
1562,599,0.0894641452520829,0.02669902912621359,0.06796116504854369,0.21601941747572811,1651,rare
1563,600,0.11102892201550894,0.0539568345323741,0.0971223021582734,0.20863309352517986,2226,rare
1564,601,0.15034060929412155,0.05612244897959184,0.1479591836734694,0.3596938775510204,1570,rare
1565,602,0.17338435596744114,0.09146341463414634,0.1524390243902439,0.3475609756097561,663,rare
1566,603,0.12245046025938315,0.05324675324675325,0.11428571428571427,0.2493506493506493,3086,common
1567,604,0.09859372928310267,0.020202020202020204,0.08080808080808081,0.2525252525252525,794,rare
1568,605,0.17082190016896015,0.0858433734939759,0.1746987951807229,0.3403614457831325,2659,common
1569,606,0.12894671260536011,0.052830188679245285,0.12264150943396225,0.2716981132075472,2121,rare
1570,607,0.13723841222195185,0.05141579731743666,0.13561847988077494,0.30923994038748137,5373,common
1571,608,0.15168212093558894,0.06875,0.155,0.315,3202,common
1572,609,0.12814508405892008,0.04620547237996903,0.12209602478058855,0.2898812596799174,15502,very very common
1573,610,0.19628417603754805,0.1,0.2153846153846154,0.3692307692307693,523,rare
1574,611,0.09912138582093673,0.03414634146341464,0.08571428571428573,0.21602787456445996,11484,very common
1575,612,0.16625524535613087,0.09523809523809523,0.16666666666666666,0.2936507936507937,507,rare
1576,613,0.0816320581892744,0.01834862385321101,0.07339449541284404,0.20642201834862384,1747,rare
1577,614,0.09503504342845688,0.025,0.09166666666666666,0.20416666666666666,966,rare
1578,615,0.10560006869381022,0.03333333333333333,0.08461538461538462,0.2358974358974359,1566,rare
1579,616,0.22134668120163226,0.12576687116564414,0.24386503067484666,0.4110429447852761,2616,common
1580,617,0.3346763562294338,0.2309644670050761,0.3680203045685279,0.5532994923857868,1580,rare
1581,618,0.10681266996842584,0.0377643504531722,0.10120845921450153,0.2250755287009064,2657,common
1582,619,0.14022114994035406,0.06181818181818183,0.14545454545454545,0.2909090909090909,2200,rare
1583,620,0.1712267764850522,0.07232704402515723,0.18867924528301888,0.3490566037735849,1278,rare
1584,621,0.16317775473092605,0.0859375,0.1953125,0.28125,521,rare
1585,622,0.20497130193527927,0.11717352415026835,0.21556350626118068,0.38908765652951705,4481,common
1586,623,0.20092126056396595,0.12025316455696206,0.2056962025316456,0.3512658227848101,1265,rare
1587,624,0.16084953136767358,0.0891812865497076,0.152046783625731,0.3055555555555556,2736,common
1588,625,0.14863714668350836,0.06473214285714286,0.14620535714285715,0.30691964285714285,3589,common
1589,626,0.13220485845146818,0.05403348554033485,0.12557077625570776,0.2895738203957382,10516,very common
1590,627,0.17434510932850608,0.08333333333333333,0.17647058823529413,0.3382352941176471,821,rare
1591,628,0.1891951898898586,0.1,0.21176470588235294,0.35294117647058826,683,rare
1592,629,0.12670375571744044,0.046583850931677016,0.12111801242236025,0.2795031055900621,1291,rare
1593,630,0.3391028165707443,0.2564102564102564,0.3461538461538461,0.5064102564102564,632,rare
1594,631,0.11263472725642687,0.04779411764705882,0.09620098039215688,0.2420343137254902,6532,common
1595,632,0.13423600661036872,0.057959814528593515,0.12442040185471405,0.2851622874806801,5178,common
1596,633,0.14764835491382508,0.06748466257668713,0.1441717791411043,0.3,6524,common
1597,634,0.09389876244348803,0.016129032258064516,0.0935483870967742,0.2419354838709677,1245,rare
1598,635,0.14124068085854208,0.06896551724137931,0.1317418213969938,0.2780725022104332,9054,very common
1599,636,0.11279680737867775,0.03951446280991736,0.09788223140495868,0.2533574380165289,15493,very very common
1600,637,0.13761743177313496,0.058338423946243126,0.1264508246792914,0.30054978619425776,13097,very common
1601,638,0.1808978369977412,0.09387755102040816,0.19183673469387755,0.3469387755102041,1965,rare
1602,639,0.11804969934756243,0.053892215568862284,0.11127744510978044,0.2255489021956088,8021,very common
1603,640,0.12146743131896515,0.045454545454545456,0.1115702479338843,0.2661157024793389,4840,common
1604,641,0.14876760365683206,0.07358490566037736,0.14150943396226415,0.3056603773584905,2122,rare
1605,642,0.1643268260562608,0.07714285714285714,0.16285714285714287,0.3628571428571429,1401,rare
1606,643,0.1049990273847224,0.03841059602649007,0.0933774834437086,0.21589403973509927,6043,common
1607,644,0.10415658967078102,0.03900709219858156,0.08865248226950355,0.2304964539007092,2264,rare
1608,645,0.11616757792430353,0.0462085308056872,0.1113744075829384,0.24526066350710898,3383,common
1609,646,0.11808517124097875,0.042713567839195984,0.10301507537688442,0.25879396984924624,1599,rare
1610,647,0.1193207814538922,0.046875,0.078125,0.296875,518,rare
1611,648,0.1417264289704994,0.0613107822410148,0.14129668780831572,0.2980972515856237,11354,very common
1612,649,0.16307900366198844,0.08333333333333333,0.15606060606060607,0.3333333333333333,2648,common
1613,650,0.1782566874747095,0.0859375,0.18359375,0.375,1031,rare
1614,651,0.2328995927323451,0.15,0.2409090909090909,0.4,889,rare
1615,652,0.2093116712376028,0.11643835616438356,0.2123287671232877,0.4075342465753425,1169,rare
1616,653,0.12433863105778765,0.0443204202232436,0.11260669730794486,0.2895600787918582,12189,very common
1617,654,0.1107235737062239,0.03,0.09,0.29,402,very rare
1618,655,0.2495039694970809,0.17647058823529413,0.22549019607843135,0.4215686274509804,414,very rare
1619,656,0.22148396778329585,0.12658227848101267,0.23417721518987344,0.4193037974683544,2536,common
1620,657,0.1313293770343535,0.03977272727272727,0.12642045454545456,0.3153409090909091,2824,common
1621,658,0.105404750012578,0.044368600682593864,0.08873720136518773,0.22184300341296928,2349,rare
1622,659,0.16498337785831102,0.06756756756756757,0.17117117117117114,0.3738738738738739,2665,common
1623,660,0.28733650622313306,0.1989795918367347,0.30612244897959184,0.4795918367346938,793,rare
1624,661,0.12912553040792993,0.05268022181146026,0.12384473197781885,0.27818853974121993,4334,common
1625,662,0.11608819345043228,0.0364963503649635,0.10948905109489053,0.26277372262773724,1097,rare
1626,663,0.14064399932902008,0.05882352941176471,0.13725490196078433,0.2843137254901961,412,very rare
1627,664,0.15188746238776674,0.07787610619469026,0.13893805309734514,0.2991150442477876,4524,common
1628,665,0.14320479978272144,0.06252658443215653,0.1305827307528711,0.30986814121650363,18813,very very common
1629,666,0.12327617786540865,0.04792332268370607,0.10702875399361024,0.26357827476038337,2505,common
1630,667,0.1573460926111712,0.04444444444444445,0.1851851851851852,0.3555555555555556,1085,rare
1631,668,0.14130385810787893,0.05526315789473684,0.14210526315789473,0.3026315789473684,1527,rare
1632,669,0.0923704495526554,0.03636363636363636,0.054545454545454536,0.21818181818181814,441,very rare
1633,670,0.12724449654811973,0.048586572438162536,0.11130742049469963,0.284452296819788,4529,common
1634,671,0.14006780228463472,0.05882352941176471,0.1176470588235294,0.30392156862745096,414,very rare
1635,672,0.11787901575400744,0.0395662368112544,0.10873388042203984,0.2687573270808909,13648,very common
1636,673,0.15570905606307264,0.0703125,0.159375,0.3359375,2569,common
1637,674,0.1297052068494953,0.05642504118616145,0.12932454695222406,0.2557660626029654,9713,very common
1638,675,0.13910663565681153,0.05198019801980198,0.1311881188118812,0.3217821782178218,3240,common
1639,676,0.15794448028801053,0.07894736842105263,0.14912280701754385,0.33114035087719296,1825,rare
1640,677,0.16241434910146005,0.09497206703910614,0.16201117318435754,0.2849162011173184,2870,common
1641,678,0.11271910438363635,0.044758064516129036,0.10201612903225807,0.23830645161290326,9929,very common
1642,679,0.2092840529116904,0.11564625850340135,0.217687074829932,0.3809523809523809,1179,rare
1643,680,0.17951505885897742,0.08120552532440352,0.18354960234407705,0.388237756383424,19116,very very common
1644,681,0.3049446264817527,0.2087912087912088,0.2967032967032967,0.5604395604395604,731,rare
1645,682,0.11536183677631492,0.04149659863945578,0.11156462585034012,0.2585034013605442,5889,common
1646,683,0.13875173003523372,0.06666666666666668,0.13055555555555556,0.275,1445,rare
1647,684,0.1355826489337042,0.05748502994011976,0.1347305389221557,0.27964071856287426,6685,common
1648,685,0.2493273759544273,0.15486725663716813,0.26548672566371684,0.43952802359882,2721,common
1649,686,0.2824471172986348,0.19032258064516128,0.29354838709677417,0.4709677419354839,1243,rare
1650,687,0.2185031993301444,0.12121212121212123,0.2474747474747475,0.3939393939393939,793,rare
1651,688,0.11649007654625786,0.0196078431372549,0.13725490196078433,0.2647058823529412,414,very rare
1652,689,0.14314522719081382,0.05617977528089888,0.14232209737827714,0.3408239700374532,2145,rare
1653,690,0.13518943659702914,0.0621301775147929,0.1242603550295858,0.27218934911242604,1353,rare
1654,691,0.12071138773086487,0.03435114503816794,0.1297709923664122,0.3015267175572519,1051,rare
1655,692,0.1050279654549438,0.04339378238341969,0.0900259067357513,0.21696891191709844,6176,common
1656,693,0.098952016642884,0.03273809523809524,0.08333333333333333,0.20833333333333331,1349,rare
1657,694,0.10975849544917796,0.037578288100208766,0.09603340292275574,0.2468684759916493,7667,very common
1658,695,0.16362297006414767,0.07668539325842696,0.16348314606741576,0.3348314606741573,14248,very common
1659,696,0.19285846211532345,0.1177536231884058,0.1920289855072464,0.33695652173913043,2211,rare
1660,697,0.12282418211333065,0.04838709677419355,0.07258064516129033,0.2903225806451613,500,very rare
1661,698,0.116413771427938,0.03773584905660377,0.12264150943396225,0.2169811320754717,424,very rare
1662,699,0.09799667386066976,0.022727272727272728,0.09090909090909093,0.24431818181818185,2824,common
1663,700,0.34631668725803444,0.2290322580645161,0.3903225806451613,0.5580645161290323,1242,rare
1664,701,0.12603707308995407,0.04353233830845772,0.1218905472636816,0.28233830845771146,3222,common
1665,702,0.12314286994551392,0.0594855305466238,0.10610932475884244,0.2459807073954984,2495,rare
1666,703,0.1307148884831335,0.05317769130998703,0.13359273670557714,0.2697795071335927,6168,common
1667,704,0.12916848567085498,0.04985835694050991,0.115014164305949,0.2929178470254957,14128,very common
1668,705,0.11940277759174173,0.03861386138613861,0.11287128712871287,0.2881188118811881,4043,common
1669,706,0.2846487513882777,0.16981132075471694,0.29245283018867924,0.5330188679245284,848,rare
1670,707,0.13564489365546226,0.05412371134020619,0.14175257731958762,0.3015463917525773,3105,common
1671,708,0.09429138295969937,0.03164556962025317,0.07805907172995781,0.2060478199718706,5689,common
1672,709,0.16234798627863128,0.08035714285714286,0.16964285714285715,0.3125,456,very rare
1673,710,0.14222825191366098,0.06140350877192983,0.14912280701754385,0.2982456140350877,1377,rare
1674,711,0.1497204367578275,0.05952380952380953,0.1488095238095238,0.3154761904761905,680,rare
1675,712,0.3049075931104816,0.20261437908496727,0.33769063180827885,0.5076252723311547,3677,common
1676,713,0.16063619649039776,0.08193445243804956,0.15947242206235013,0.3089528377298161,10016,very common
1677,714,0.10711750920679412,0.04341085271317829,0.09573643410852713,0.22131782945736436,10326,very common
1678,715,0.14372842940087366,0.06643356643356642,0.13286713286713284,0.3006993006993007,2290,rare
1679,716,0.15349073134414776,0.0696969696969697,0.1503030303030303,0.31272727272727274,6607,common
1680,717,0.16609066708441456,0.06521739130434782,0.1605351170568562,0.3963210702341137,2395,rare
1681,718,0.2419037023713514,0.14285714285714285,0.2640692640692641,0.4458874458874459,1857,rare
1682,719,0.23451141322298055,0.12601626016260162,0.2621951219512195,0.4654471544715447,1972,rare
1683,720,0.14336723271196186,0.06417112299465241,0.12566844919786094,0.2834224598930481,1498,rare
1684,721,0.15800929169589592,0.06796116504854369,0.1407766990291262,0.3980582524271845,824,rare
1685,722,0.14542008201886228,0.05627705627705628,0.14393939393939395,0.3392857142857143,7392,very common
1686,723,0.1376044088261453,0.036764705882352935,0.15441176470588236,0.35294117647058826,549,rare
1687,724,0.2267696536866956,0.1,0.2727272727272727,0.44545454545454544,445,very rare
1688,725,0.1052682703881012,0.040173724212812165,0.09066232356134636,0.2285559174809989,7373,very common
1689,726,0.11473607754876985,0.049504950495049514,0.0891089108910891,0.2376237623762376,814,rare
1690,727,0.17826331232768072,0.08762886597938144,0.19072164948453607,0.3350515463917525,778,rare
1691,728,0.13202583752632618,0.05879586077140169,0.1180620884289746,0.2723424270931327,8507,very common
1692,729,0.11847427128122985,0.03225806451612903,0.10887096774193547,0.2782258064516129,996,rare
1693,730,0.13387848034731148,0.05472636815920398,0.12023217247097845,0.2860696517412935,9650,very common
1694,731,0.12754492537294582,0.0515695067264574,0.11266816143497757,0.28643497757847536,7144,very common
1695,732,0.10234945295961216,0.032765050612679814,0.0908364411294619,0.23335109216835376,15025,very very common
1696,733,0.17036593998525182,0.046052631578947366,0.21052631578947367,0.4144736842105263,608,rare
1697,734,0.12743325966809932,0.05607476635514018,0.11682242990654206,0.26635514018691586,858,rare
1698,735,0.11943737976837325,0.04354587869362364,0.10342146189735614,0.2752721617418352,5151,common
1699,736,0.10953518594177626,0.03462603878116344,0.092797783933518,0.2562326869806094,5781,common
1700,737,0.14616113493733585,0.06413730803974707,0.14543812104787715,0.2981029810298103,8856,very common
1701,738,0.1075439843344391,0.02564102564102564,0.10256410256410256,0.2948717948717949,627,rare
1702,739,0.09566668929916837,0.03206521739130435,0.08206521739130435,0.20923913043478265,7361,very common
1703,740,0.14570833879129094,0.061983471074380174,0.14958677685950414,0.3090909090909091,4842,common
1704,741,0.09906803528095752,0.034653465346534656,0.09123055162659124,0.20685997171145687,11315,very common
1705,742,0.09358379121535756,0.015384615384615384,0.1,0.2230769230769231,527,rare
1706,743,0.1701637799145208,0.09523809523809523,0.16666666666666666,0.3412698412698413,508,rare
1707,744,0.3018092908757045,0.2,0.36,0.46,407,very rare
1708,745,0.21391940353339148,0.12828947368421054,0.2368421052631579,0.34868421052631576,1224,rare
1709,746,0.1334311202485838,0.06313131313131314,0.12373737373737374,0.2601010101010101,1590,rare
1710,747,0.16173753684211345,0.08112094395280238,0.15781710914454278,0.3126843657817109,5426,common
1711,748,0.2403008659214604,0.12878787878787878,0.25,0.4621212121212121,535,rare
1712,749,0.10569109956923624,0.041360294117647065,0.08639705882352941,0.2389705882352941,4359,common
1713,750,0.11180198299822257,0.043065693430656936,0.1,0.23503649635036494,5484,common
1714,751,0.23946827087879025,0.1438953488372093,0.25,0.4273255813953488,2760,common
1715,752,0.13262850331079473,0.06504065040650407,0.13211382113821138,0.2540650406504065,1969,rare
1716,753,0.16158353150643473,0.07894736842105263,0.15497076023391812,0.3216374269005848,1369,rare
1717,754,0.15758185523254978,0.07415059687786961,0.15013774104683195,0.3282828282828283,17425,very very common
1718,755,0.10752261133329824,0.03602305475504323,0.10086455331412104,0.2377521613832853,2785,common
1719,756,0.1209873713476164,0.05371900826446281,0.10743801652892562,0.2644628099173554,973,rare
1720,757,0.15702736102528375,0.06654411764705882,0.1514705882352941,0.3470588235294117,10882,very common
1721,758,0.24265858711948235,0.15052631578947367,0.2473684210526316,0.4421052631578947,3807,common
1722,759,0.1383954759821739,0.058502340093603736,0.13884555382215288,0.29875195007800315,5128,common
1723,760,0.1899292870830403,0.09036144578313253,0.1987951807228916,0.3885542168674699,1337,rare
1724,761,0.18516776643024893,0.0989010989010989,0.15384615384615385,0.3956043956043956,730,rare
1725,762,0.14019900072278446,0.06325301204819278,0.12048192771084335,0.3253012048192771,1336,rare
1726,763,0.10087723526733654,0.022222222222222227,0.0925925925925926,0.26666666666666666,1088,rare
1727,764,0.2005659446599337,0.13382899628252787,0.19516728624535315,0.32899628252788105,2156,rare
1728,765,0.29246369600757177,0.17455621301775148,0.3165680473372781,0.5236686390532544,1357,rare
1729,766,0.1097694549948893,0.04182509505703422,0.1015752308527974,0.23492667028788705,14737,very common
1730,767,0.1401084734594822,0.04782608695652174,0.13260869565217392,0.3347826086956522,1847,rare
1731,768,0.18550835967928986,0.09398496240601503,0.19172932330827067,0.35714285714285715,1065,rare
1732,769,0.23415162026067615,0.13793103448275862,0.2413793103448276,0.42911877394636017,2097,rare
1733,770,0.18207555429563407,0.09859154929577464,0.19295774647887326,0.3309859154929577,2847,common
1734,771,0.1442011916730299,0.06684491978609626,0.1358288770053476,0.29251336898395724,7486,very common
1735,772,0.12343712575048685,0.03571428571428571,0.11904761904761905,0.30952380952380953,679,rare
1736,773,0.1438079220811434,0.05508474576271186,0.15677966101694915,0.3177966101694915,945,rare
1737,774,0.19283637339670634,0.10299003322259136,0.1777408637873754,0.39867109634551495,2414,rare
1738,775,0.08840189257225488,0.018518518518518517,0.0925925925925926,0.2037037037037037,648,rare
1739,776,0.22734475451939104,0.16071428571428573,0.22321428571428573,0.35714285714285715,453,very rare
1740,777,0.18315428694717054,0.09701492537313433,0.17164179104477612,0.3955223880597015,536,rare
1741,778,0.17232350110159622,0.08354755784061697,0.17737789203084833,0.3547557840616967,3115,common
1742,779,0.11833946043399478,0.04588394062078273,0.10728744939271256,0.2624831309041835,5929,common
1743,780,0.14313628955445873,0.06176470588235295,0.14705882352941174,0.2926470588235294,2725,common
1744,781,0.1396701807966288,0.05882352941176471,0.1352941176470588,0.3264705882352941,1363,rare
1745,782,0.1123141870172857,0.04582210242587601,0.09905660377358493,0.23045822102425875,5941,common
1746,783,0.17322598911401513,0.09319526627218937,0.16568047337278108,0.3357988165680473,2706,common
1747,784,0.17619387552656846,0.08657243816254417,0.17137809187279152,0.36925795053003535,2269,rare
1748,785,0.2531113320776663,0.15151515151515152,0.2575757575757576,0.4924242424242424,531,rare
1749,786,0.11272893440143615,0.036672629695885514,0.1001788908765653,0.26654740608228983,4481,common
1750,787,0.10263749165531036,0.04060913705583756,0.09390862944162437,0.22081218274111675,1585,rare
1751,788,0.1310497102120514,0.05707762557077625,0.1232876712328767,0.2648401826484018,1759,rare
1752,789,0.1335362981305505,0.05391120507399577,0.12790697674418605,0.3023255813953488,3790,common
1753,790,0.21254807934242864,0.13141025641025642,0.2243589743589744,0.36538461538461536,1252,rare
1754,791,0.10907599066797227,0.045189504373177834,0.09620991253644316,0.22266763848396498,10984,very common
1755,792,0.1557427867298251,0.07636887608069164,0.15273775216138327,0.3097982708933717,2776,common
1756,793,0.24179299377233665,0.15816326530612246,0.25,0.3903061224489796,1575,rare
1757,794,0.11466561881587052,0.030701754385964914,0.09649122807017543,0.2850877192982456,919,rare
1758,795,0.16746870866569158,0.08819345661450925,0.17069701280227595,0.31650071123755336,5629,common
1759,796,0.11493453821400315,0.042380136986301366,0.10830479452054796,0.2529965753424658,9351,very common
1760,797,0.14624117785302465,0.07088122605363985,0.13984674329501914,0.29693486590038315,2089,rare
1761,798,0.11285898433714882,0.032710280373831765,0.10981308411214953,0.2523364485981308,1714,rare
1762,799,0.07571874571602694,0.024686192468619247,0.06359832635983262,0.15481171548117156,9562,very common
1763,800,0.2219696998504214,0.13723608445297505,0.22744721689059505,0.39059500959692894,4173,common
1764,801,0.12735480871955193,0.029411764705882356,0.1323529411764706,0.3308823529411765,1090,rare
1765,802,0.1393008213131854,0.06578947368421052,0.12719298245614036,0.2631578947368421,919,rare
1766,803,0.11203098280394708,0.04257907542579075,0.10097323600973236,0.2396593673965937,6579,common
1767,804,0.11978450588356145,0.04662921348314607,0.11348314606741572,0.2561797752808989,7122,very common
1768,805,0.21312362825866207,0.1264591439688716,0.21011673151750973,0.38715953307393,2063,rare
1769,806,0.13007919625170364,0.06628787878787877,0.10606060606060606,0.25946969696969696,2117,rare
1770,807,0.1289229664393947,0.051593959731543626,0.12038590604026846,0.274748322147651,19080,very very common
1771,808,0.16496119218782992,0.0911214953271028,0.16121495327102806,0.3014018691588785,3432,common
1772,809,0.09451828248472953,0.02355072463768116,0.08242753623188406,0.22282608695652173,4419,common
1773,810,0.19478535687943985,0.10185185185185183,0.17592592592592593,0.4259259259259259,432,very rare
1774,811,0.1915487058637464,0.10759493670886076,0.18987341772151897,0.35443037974683544,638,rare
1775,812,0.12483125562323888,0.04955621301775148,0.1190828402366864,0.2781065088757396,5412,common
1776,813,0.13085015538185968,0.05997056659308315,0.1166298749080206,0.2682119205298013,10880,very common
1777,814,0.14175001493659836,0.05969479353680431,0.131508078994614,0.3209156193895871,8914,very common
1778,815,0.09174344424028452,0.024853801169590642,0.07675438596491227,0.20833333333333331,5476,common
1779,816,0.11815857801649715,0.04051927616050354,0.1054287962234461,0.2690794649881983,10173,very common
1780,817,0.13445741972996172,0.05684931506849315,0.12808219178082192,0.2726027397260274,5847,common
1781,818,0.12428739062591967,0.04895666131621188,0.11797752808988765,0.2680577849117175,4992,common
1782,819,0.1674015675899713,0.06989247311827956,0.1827956989247312,0.3709677419354839,1493,rare
1783,820,0.22039520084686653,0.10880503144654087,0.2440251572327044,0.4477987421383648,6366,common
1784,821,0.2283811909181415,0.12,0.2466666666666667,0.4866666666666667,606,rare
1785,822,0.22333814757027287,0.0975609756097561,0.24390243902439024,0.4695121951219512,662,rare
1786,823,0.19515614210330234,0.11057692307692307,0.1971153846153846,0.36538461538461536,1664,rare
1787,824,0.16390217589566627,0.09333333333333334,0.16,0.30666666666666664,600,rare
1788,825,0.10741245722754884,0.0376,0.102,0.22,10001,very common
1789,826,0.15289013540949675,0.06896551724137931,0.1446776611694153,0.32458770614692656,5339,common
1790,827,0.1936416601338361,0.09408602150537634,0.19623655913978494,0.3870967741935484,1489,rare
1791,828,0.1508992614097731,0.0696969696969697,0.14696969696969694,0.30303030303030304,2643,common
1792,829,0.10106729003327704,0.039097744360902256,0.08984962406015037,0.20300751879699247,10642,very common
1793,830,0.15539862392418508,0.07554517133956386,0.1557632398753894,0.3185358255451713,5144,common
1794,831,0.10494836390332032,0.0475206611570248,0.09194214876033058,0.2097107438016529,3881,common
1795,832,0.1438159710780777,0.05357142857142857,0.14285714285714285,0.32142857142857145,451,very rare
1796,833,0.2087802469722788,0.07,0.26,0.4,407,very rare
1797,834,0.13523625630486344,0.06396396396396396,0.12972972972972974,0.26756756756756755,4448,common
1798,835,0.12950691706371567,0.05328467153284672,0.1167883211678832,0.2773722627737226,5489,common
1799,836,0.119481603748749,0.042443064182194616,0.10766045548654243,0.2753623188405797,3873,common
1800,837,0.2228810530596232,0.10833333333333334,0.25,0.44166666666666665,482,very rare
1801,838,0.1186822525820845,0.0407098121085595,0.11064718162839247,0.2686151704940849,11503,very common
1802,839,0.13676803756569536,0.05382775119617225,0.12440191387559807,0.3014354066985646,3347,common
1803,840,0.11641266207909018,0.04459203036053131,0.10531309297912714,0.2647058823529412,4218,common
1804,841,0.1215241604745114,0.060606060606060615,0.1111111111111111,0.2474747474747475,793,rare
1805,842,0.13683472375610065,0.0572289156626506,0.13253012048192772,0.3012048192771085,1331,rare
1806,843,0.16509422351149172,0.08364779874213836,0.16163522012578616,0.3264150943396226,6364,common
1807,844,0.10210687181996236,0.03994845360824742,0.08827319587628868,0.20747422680412367,12422,very common
1808,845,0.17659379967018998,0.10328638497652584,0.1795774647887324,0.31220657276995306,3417,common
1809,846,0.16744643404081105,0.08315565031982942,0.1695095948827292,0.3347547974413646,3760,common
1810,847,0.12985387531523546,0.0607843137254902,0.1176470588235294,0.2725490196078431,2043,rare
1811,848,0.17384847642869772,0.0859375,0.16666666666666666,0.3723958333333333,1545,rare
1812,849,0.16951250659967196,0.07954545454545454,0.1875,0.3338068181818182,2820,common
1813,850,0.10697071294567748,0.03125,0.0875,0.26875,1287,rare
1814,851,0.15140035727382095,0.07391304347826087,0.14746376811594206,0.2963768115942029,11041,very common
1815,852,0.12742853410508626,0.054878048780487805,0.10670731707317073,0.28353658536585363,1318,rare
1816,853,0.10843367510687073,0.04146341463414634,0.1024390243902439,0.24390243902439024,1642,rare
1817,854,0.13355906162366246,0.05371900826446281,0.12396694214876032,0.2892561983471074,974,rare
1818,855,0.1192557214829036,0.04838709677419355,0.10368663594470046,0.2672811059907834,1737,rare
1819,856,0.1346153704526333,0.05723059743160245,0.12562814070351758,0.28391959798994976,14328,very common
1820,857,0.1691182697642481,0.05063291139240506,0.23417721518987344,0.37974683544303794,641,rare
1821,858,0.12323679022178324,0.04254677127338564,0.12100181050090525,0.2751961375980688,13261,very common
1822,859,0.1073697490696387,0.036418816388467376,0.10318664643399088,0.2321699544764795,5280,common
1823,860,0.10687563483230517,0.03666666666666667,0.1,0.23,1207,rare
1824,861,0.31243329789288304,0.19402985074626866,0.3582089552238806,0.5149253731343284,542,rare
1825,862,0.10738851043988776,0.03547523427041499,0.0930388219544846,0.25234270414993304,5980,common
1826,863,0.15726961601600306,0.054054054054054064,0.15904365904365905,0.3804573804573805,3854,common
1827,864,0.11906556747296625,0.029411764705882356,0.09558823529411764,0.29411764705882354,553,rare
1828,865,0.12855734086313989,0.04814814814814815,0.12962962962962962,0.28703703703703703,4328,common
1829,866,0.2166591662353464,0.13157894736842105,0.21052631578947367,0.3859649122807017,917,rare
1830,867,0.08694484819450501,0.0273972602739726,0.0684931506849315,0.19771689497716896,8762,very common
1831,868,0.16254909141768048,0.075,0.16,0.34,801,rare
1832,869,0.161963093225885,0.08128834355828221,0.1656441717791411,0.3098159509202454,2613,common
1833,870,0.1132518767146006,0.04052573932092005,0.0936473165388828,0.25575027382256305,7307,very common
1834,871,0.12105932011367768,0.04909090909090909,0.11757575757575756,0.2575757575757576,6609,common
1835,872,0.1420140901477344,0.06692913385826772,0.12992125984251968,0.2769028871391076,3054,common
1836,873,0.2402084896860462,0.15196078431372548,0.2549019607843137,0.4019607843137255,819,rare
1837,874,0.2121805024774728,0.12753623188405794,0.227536231884058,0.36666666666666653,2760,common
1838,875,0.11392245625289325,0.04502923976608187,0.10058479532163744,0.2450292397660819,6847,common
1839,876,0.10823031972413062,0.0379746835443038,0.09381980640357407,0.2427401340282949,10752,very common
1840,877,0.1466493772763248,0.07407407407407407,0.12962962962962962,0.28703703703703703,869,rare
1841,878,0.1978450155824923,0.09375,0.175,0.4625,641,rare
1842,879,0.12817604257380888,0.0576923076923077,0.10576923076923077,0.25,423,very rare
1843,880,0.12878269594822475,0.06057494866529775,0.1160164271047228,0.2679671457905544,3901,common
1844,881,0.11867835800830999,0.04032258064516129,0.11175115207373272,0.2788018433179724,3472,common
1845,882,0.1416721868812871,0.061224489795918366,0.12244897959183673,0.32653061224489793,793,rare
1846,883,0.11205585682389184,0.03947368421052632,0.09210526315789473,0.25,1525,rare
1847,884,0.1172738460932146,0.05066079295154185,0.10352422907488988,0.236784140969163,7270,very common
1848,885,0.1223724703868017,0.047225501770956316,0.12278630460448642,0.25560802833530105,6785,common
1849,886,0.1233573650891794,0.05671506352087114,0.10843920145190562,0.25635208711433755,8824,very common
1850,887,0.16446788924406958,0.06801125703564727,0.16604127579737335,0.3696060037523452,8534,very common
1851,888,0.15286007626610135,0.047058823529411764,0.17647058823529413,0.3470588235294117,683,rare
1852,889,0.1376882451985296,0.06257901390644753,0.12958280657395702,0.27560050568900124,6333,common
1853,890,0.10395604978340753,0.038619556285949055,0.09408381265406736,0.2267871815940838,9739,very common
1854,891,0.16484078823781773,0.07643312101910828,0.14968152866242038,0.3630573248407643,1265,rare
1855,892,0.14419223813400986,0.05813953488372092,0.14437984496124032,0.313953488372093,4133,common
1856,893,0.17495516681355378,0.1,0.18181818181818185,0.33181818181818185,885,rare
1857,894,0.1487475591599667,0.06543624161073826,0.15100671140939598,0.30033557046979864,2388,rare
1858,895,0.1799710297274545,0.08823529411764706,0.18382352941176472,0.3602941176470588,1092,rare
1859,896,0.1502369302411209,0.07357357357357358,0.1493993993993994,0.3003003003003003,5332,common
1860,897,0.1413365090744723,0.057984790874524725,0.13403041825095058,0.3155893536121673,4216,common
1861,898,0.1966218773486212,0.10571736785329018,0.2076591154261057,0.3786407766990291,7425,very common
1862,899,0.1229133803204212,0.040816326530612235,0.12244897959183673,0.3129251700680272,1183,rare
1863,900,0.13551064585991007,0.05255681818181818,0.140625,0.2961647727272727,5632,common
1864,901,0.1047067665858442,0.039408866995073885,0.0960591133004926,0.22167487684729065,3255,common
1865,902,0.1289598749500337,0.046875,0.1015625,0.2890625,516,rare
1866,903,0.2284271326236301,0.125,0.2692307692307692,0.40384615384615385,422,very rare
1867,904,0.14308493819843585,0.061278863232682064,0.13469508584961515,0.3049141503848431,13521,very common
1868,905,0.1214557459899765,0.0458970792767733,0.1150904033379694,0.25869262865090403,11511,very common
1869,906,0.10792489663552647,0.04750593824228029,0.08076009501187649,0.22446555819477435,3373,common
1870,907,0.0995113568993879,0.03345227475468332,0.08831400535236396,0.21409455842997324,8976,very common
1871,908,0.09540689862339184,0.03239202657807309,0.09136212624584718,0.19269102990033224,4823,common
1872,909,0.1260484262669862,0.05555555555555555,0.10606060606060606,0.2323232323232323,799,rare
1873,910,0.19036942018521189,0.07258064516129033,0.21774193548387094,0.4354838709677419,496,very rare
1874,911,0.1292229583869644,0.05071884984025559,0.11501597444089455,0.2915335463258786,10021,very common
1875,912,0.18435400718849734,0.08898305084745763,0.21186440677966098,0.3559322033898305,946,rare
1876,913,0.13262787937947104,0.05129310344827586,0.12629310344827585,0.2797413793103448,9285,very common
1877,914,0.12018089157665067,0.037037037037037035,0.08333333333333333,0.3333333333333333,438,very rare
1878,915,0.12928713740203662,0.062043795620437964,0.1167883211678832,0.2582116788321168,4388,common
1879,916,0.14039150646622767,0.06779661016949153,0.13559322033898305,0.288135593220339,475,very rare
1880,917,0.10037483687328884,0.021653543307086614,0.10236220472440943,0.24606299212598426,2038,rare
1881,918,0.0883218810595166,0.030701754385964914,0.07017543859649122,0.1956140350877193,4568,common
1882,919,0.18115538036409926,0.08602150537634409,0.1881720430107527,0.3978494623655914,745,rare
1883,920,0.16286991239636786,0.07432432432432433,0.16216216216216214,0.3716216216216216,598,rare
1884,921,0.16055424333503096,0.07771535580524344,0.16198501872659174,0.3230337078651685,4275,common
1885,922,0.2038828447979781,0.08823529411764706,0.2058823529411765,0.4705882352941176,408,very rare
1886,923,0.1150190886105978,0.041411042944785266,0.10276073619631902,0.2484662576687117,5222,common
1887,924,0.14783612014135347,0.06338028169014084,0.15492957746478872,0.31690140845070425,573,rare
1888,925,0.1473799519360838,0.06845238095238096,0.14434523809523808,0.2916666666666667,2694,common
1889,926,0.22360244333861845,0.1448087431693989,0.22131147540983606,0.4043715846994536,1472,rare
1890,927,0.11064402259844723,0.03804347826086957,0.09782608695652174,0.2608695652173913,2212,rare
1891,928,0.10114774837320144,0.033409263477600606,0.08466211085801062,0.227410782080486,10538,very common
1892,929,0.20160427762708708,0.10044642857142858,0.21875,0.39955357142857145,1798,rare
1893,930,0.1501145337954549,0.06557377049180327,0.14754098360655735,0.3155737704918033,2932,common
1894,931,0.16573099707878033,0.07027540360873694,0.16524216524216526,0.3618233618233618,8425,very common
1895,932,0.19288653584008766,0.10899182561307902,0.2070844686648501,0.3433242506811989,2941,common
1896,933,0.12433818964991067,0.051020408163265314,0.11224489795918367,0.2602040816326531,785,rare
1897,934,0.12469985564690515,0.05500705218617771,0.12059238363892807,0.2510578279266573,5674,common
1898,935,0.2124292222866144,0.12425149700598803,0.21107784431137724,0.4026946107784431,2680,common
1899,936,0.11140618232659552,0.03755522827687776,0.10235640648011783,0.2555228276877761,5437,common
1900,937,0.1891873084890513,0.10730593607305937,0.1908023483365949,0.3604044357469015,12266,very common
1901,938,0.1972885350078177,0.09881422924901186,0.2075098814229249,0.41699604743083,2033,rare
1902,939,0.13458020812770702,0.0657439446366782,0.12975778546712802,0.2629757785467128,2318,rare
1903,940,0.3337500958676756,0.23404255319148934,0.3776595744680851,0.4840425531914894,753,rare
1904,941,0.1477175729144156,0.06936416184971098,0.151252408477842,0.30828516377649323,4159,common
1905,942,0.1078802909118102,0.04457831325301205,0.0855421686746988,0.23734939759036144,3325,common
1906,943,0.15520323238447786,0.06179775280898876,0.15955056179775282,0.34269662921348315,3560,common
1907,944,0.198758714060481,0.1193293885601578,0.20216962524654836,0.3510848126232742,4062,common
1908,945,0.1226506040851023,0.06203007518796993,0.11278195488721805,0.2424812030075188,2130,rare
1909,946,0.16362257246595874,0.06858407079646017,0.15486725663716813,0.3783185840707965,1810,rare
1910,947,0.12601492563167796,0.05113636363636364,0.13636363636363635,0.2727272727272727,706,rare
1911,948,0.16524201054882642,0.07188160676532769,0.17019027484143764,0.3456659619450317,3792,common
1912,949,0.14273617516000048,0.06962025316455696,0.1360759493670886,0.2816455696202532,1271,rare
1913,950,0.1135705396672907,0.040145985401459854,0.10583941605839416,0.24817518248175185,1101,rare
1914,951,0.14040392136716154,0.06197854588796186,0.13408820023837906,0.29856972586412395,6720,common
1915,952,0.12086639971493356,0.04708904109589041,0.125,0.2525684931506849,4674,common
1916,953,0.15494686636538918,0.07888040712468193,0.1475826972010178,0.3155216284987277,3146,common
1917,954,0.4597663284637262,0.34,0.52,0.67,409,very rare
1918,955,0.13425563936651205,0.053994082840236685,0.1338757396449704,0.28846153846153844,5414,common
1919,956,0.29299810219915823,0.18461538461538465,0.3076923076923077,0.5384615384615384,529,rare
1920,957,0.3199442035733139,0.21739130434782608,0.3347826086956522,0.5347826086956522,924,rare
1921,958,0.12234994100202205,0.06428571428571428,0.09285714285714286,0.2571428571428571,569,rare
1922,959,0.1337381382420173,0.06375838926174497,0.1325503355704698,0.25671140939597314,2387,rare
1923,960,0.10970250896963042,0.045454545454545456,0.0962566844919786,0.22941176470588234,7488,very common
1924,961,0.2448121062783801,0.13157894736842105,0.2631578947368421,0.4919028340080972,1984,rare
1925,962,0.1518479037136024,0.0625,0.13194444444444445,0.3263888888888889,578,rare
