,Relation,MRR,h@1,h@3,h@10
0,0,0.2894834103861201,0.203125,0.29375,0.4625
1,1,0.3549000931498454,0.26851851851851855,0.3611111111111111,0.5370370370370371
2,2,0.1779243901911753,0.08804297057449789,0.17818776272769735,0.35614198972442784
3,3,0.17455836074393152,0.08702702702702703,0.17783783783783783,0.34594594594594597
4,4,0.1436736299372928,0.06736526946107785,0.14221556886227546,0.29004491017964074
5,5,0.19176918136660923,0.10657051282051282,0.1842948717948718,0.37580128205128205
6,6,0.1650972374323888,0.07653061224489796,0.16723356009070295,0.3424036281179138
7,7,0.16369707341226952,0.07311178247734139,0.1673716012084592,0.3422960725075529
8,8,0.16514972727847418,0.06837606837606838,0.1581196581196581,0.3974358974358974
9,9,0.136304421873321,0.052795031055900624,0.12422360248447205,0.30745341614906835
10,10,0.15791465859054482,0.07099143206854346,0.16401468788249693,0.3261933904528764
11,11,0.15549465697938047,0.07592024539877301,0.15030674846625766,0.3121165644171779
12,12,0.11412212208647826,0.03694581280788178,0.11576354679802955,0.2561576354679803
13,13,0.12800533403864942,0.05221518987341772,0.1281645569620253,0.2689873417721519
14,14,0.11431872610179834,0.04906542056074766,0.102803738317757,0.23598130841121495
15,15,0.1468147722588737,0.0603448275862069,0.13793103448275862,0.3297413793103448
16,16,0.12162500298400243,0.04365904365904366,0.12058212058212059,0.27234927234927236
17,17,0.17071974019272787,0.07518518518518519,0.16907407407407407,0.36814814814814817
18,18,0.16965293793317887,0.08333333333333333,0.17151162790697674,0.33430232558139533
19,19,0.24082391523857505,0.1511627906976744,0.23837209302325582,0.4418604651162791
20,20,0.14180889655164963,0.05855855855855856,0.12612612612612611,0.3108108108108108
21,21,0.18500632133690784,0.07976653696498054,0.18482490272373542,0.4066147859922179
22,22,0.11930442751676713,0.04484304932735426,0.09192825112107623,0.26905829596412556
23,23,0.14369272061306548,0.06823821339950373,0.141439205955335,0.29156327543424315
24,24,0.15867207015082904,0.07188841201716738,0.15343347639484978,0.3315450643776824
25,25,0.13496460140605568,0.05758426966292135,0.13412921348314608,0.273876404494382
26,26,0.138358453891428,0.05731707317073171,0.1353658536585366,0.28292682926829266
27,27,0.24907306700459858,0.14925373134328357,0.26865671641791045,0.43283582089552236
28,28,0.15285924517112445,0.06967213114754098,0.14754098360655737,0.3360655737704918
29,29,0.14003955011822544,0.061385099685204614,0.1285414480587618,0.2885624344176285
30,30,0.23388308777263947,0.12819869543401907,0.2488710486703462,0.4515805318615153
31,31,0.21930558763537586,0.12077922077922078,0.24415584415584415,0.42207792207792205
32,32,0.180090398740229,0.08193979933110368,0.1850613154960981,0.39241917502787066
33,33,0.15569508756646913,0.07238394964594808,0.14476789929189615,0.3351691581431943
34,34,0.2485755223047954,0.1623931623931624,0.25213675213675213,0.41452991452991456
35,35,0.23767109849412907,0.1431924882629108,0.23708920187793428,0.43427230046948356
36,36,0.16701822983611636,0.08706467661691543,0.17164179104477612,0.31343283582089554
37,37,0.16977250221347284,0.07608695652173914,0.18478260869565216,0.375
38,38,0.12949327030698268,0.04924242424242424,0.11893939393939394,0.2856060606060606
39,39,0.16094684457504457,0.07809330628803246,0.15821501014198783,0.3275862068965517
40,40,0.16098940298710812,0.07920792079207921,0.15841584158415842,0.3336633663366337
41,41,0.1653967870717866,0.08610139860139861,0.16127622377622378,0.32211538461538464
42,42,0.22396359642167216,0.1105072463768116,0.2318840579710145,0.4782608695652174
43,43,0.1698852109834721,0.08333333333333333,0.15710382513661203,0.3592896174863388
44,44,0.2620060825694067,0.16153846153846155,0.27692307692307694,0.49230769230769234
45,45,0.14862094801786624,0.06443298969072164,0.14175257731958762,0.327319587628866
46,46,0.16865211857056317,0.08695652173913043,0.16576086956521738,0.30978260869565216
47,47,0.16979350324295284,0.07246376811594203,0.15942028985507245,0.4057971014492754
48,48,0.19384348167360738,0.1,0.18823529411764706,0.4
49,49,0.19658521399005321,0.10038986354775828,0.2046783625730994,0.391812865497076
50,50,0.22584498088610983,0.1056338028169014,0.2535211267605634,0.4859154929577465
51,51,0.16356267445882808,0.06327160493827161,0.1558641975308642,0.37808641975308643
52,52,0.30935661425394734,0.1951219512195122,0.34146341463414637,0.5304878048780488
53,53,0.19342491869788947,0.1,0.19285714285714287,0.38571428571428573
54,54,0.20822483697577468,0.09863945578231292,0.24319727891156462,0.41836734693877553
55,55,0.22116950086106638,0.12681159420289856,0.2463768115942029,0.391304347826087
56,56,0.2790941872565602,0.17272727272727273,0.3,0.47954545454545455
57,57,0.20872164319355865,0.10294117647058823,0.23039215686274508,0.4068627450980392
58,58,0.20700437787774936,0.10965250965250965,0.21274131274131275,0.41544401544401544
59,59,0.22192985633107806,0.13736263736263737,0.21428571428571427,0.38461538461538464
60,60,0.21085855774659062,0.12301587301587301,0.21957671957671956,0.37566137566137564
61,61,0.1811999101588091,0.0859375,0.19140625,0.375
62,62,0.15726174466544568,0.07063197026022305,0.14684014869888476,0.32899628252788105
63,63,0.16473023685432922,0.09417040358744394,0.16143497757847533,0.2914798206278027
64,64,0.15990588151025886,0.06501182033096926,0.1660756501182033,0.3611111111111111
65,65,0.20639823287030948,0.112,0.192,0.416
66,66,0.19465875839923696,0.0986159169550173,0.21453287197231835,0.3961937716262976
67,67,0.4186204778308519,0.26373626373626374,0.5054945054945055,0.7087912087912088
68,68,0.1595354130473049,0.06164383561643835,0.17123287671232876,0.3561643835616438
69,69,0.19831402031529755,0.0967741935483871,0.1935483870967742,0.42258064516129035
70,70,0.1374514018218483,0.061872909698996656,0.12709030100334448,0.28929765886287623
71,71,0.13228748080189381,0.045454545454545456,0.11038961038961038,0.3181818181818182
72,72,0.1383993558715554,0.04941860465116279,0.1511627906976744,0.31976744186046513
73,73,0.2255054760071798,0.11819887429643527,0.23803939962476547,0.45333020637898686
74,74,0.17198639819330988,0.08725761772853186,0.16759002770083103,0.3407202216066482
75,75,0.14039364213594036,0.06273764258555133,0.13688212927756654,0.2956273764258555
76,76,0.20955816457061283,0.12186115214180207,0.2119645494830133,0.3847858197932053
77,77,0.10420158507828887,0.03386454183266932,0.08366533864541832,0.2290836653386454
78,78,0.17218211713669107,0.068,0.196,0.388
79,79,0.11814498494278035,0.04501607717041801,0.10610932475884244,0.25884244372990356
80,80,0.1494311625110241,0.0639269406392694,0.14383561643835616,0.3242009132420091
81,81,0.2870518718378578,0.15822784810126583,0.3291139240506329,0.5506329113924051
82,82,0.1526741973544807,0.06958762886597938,0.14948453608247422,0.3118556701030928
83,83,0.1936692652248815,0.09969558599695585,0.197869101978691,0.3915525114155251
84,84,0.16157650970764856,0.0784313725490196,0.14705882352941177,0.37254901960784315
85,85,0.11445179367388071,0.0472972972972973,0.10472972972972973,0.23648648648648649
86,86,0.15597264194960328,0.07079646017699115,0.15486725663716813,0.3185840707964602
87,87,0.15330806686868717,0.07163053722902922,0.14891611687087652,0.3171536286522149
88,88,0.17315199469118703,0.08796296296296297,0.19444444444444445,0.35648148148148145
89,89,0.1445415438203599,0.05238095238095238,0.1523809523809524,0.3238095238095238
90,90,0.1443230922056009,0.06352941176470588,0.14352941176470588,0.2952941176470588
91,91,0.1683080343311456,0.08507462686567165,0.16567164179104477,0.3417910447761194
92,92,0.17480324862479005,0.07647058823529412,0.19411764705882353,0.38235294117647056
93,93,0.15621626358808294,0.06736526946107785,0.14221556886227546,0.35479041916167664
94,94,0.22780751252774806,0.125,0.25,0.4027777777777778
95,95,0.24897237384097792,0.14285714285714285,0.2619047619047619,0.48214285714285715
96,96,0.160527817435848,0.07708779443254818,0.15845824411134904,0.32441113490364026
97,97,0.10852380531615763,0.04180064308681672,0.09807073954983923,0.2387459807073955
98,98,0.1968108284327,0.10327570518653321,0.201319381255687,0.3848953594176524
99,99,0.2314045837837175,0.12903225806451613,0.24838709677419354,0.43870967741935485
100,100,0.14824331397426868,0.06872037914691943,0.14691943127962084,0.2962085308056872
101,101,0.17533163873876376,0.08904109589041095,0.1815068493150685,0.3698630136986301
102,102,0.15035255309385567,0.07377049180327869,0.14754098360655737,0.29098360655737704
103,103,0.2072471159587819,0.11208948119942884,0.21418372203712518,0.4007615421227987
104,104,0.22949711340072215,0.13478260869565217,0.24037267080745342,0.42422360248447205
105,105,0.14718643271651607,0.06485539000876424,0.14022787028921999,0.3172655565293602
106,106,0.21637244865675084,0.11450381679389313,0.22900763358778625,0.3969465648854962
107,107,0.3271890646254003,0.2265625,0.35546875,0.51171875
108,108,0.1534219997083044,0.07109004739336493,0.14514218009478674,0.3246445497630332
109,109,0.09139115322501669,0.031088082901554404,0.06994818652849741,0.19948186528497408
110,110,0.19595505786158102,0.10740740740740741,0.2037037037037037,0.37407407407407406
111,111,0.28340234256821417,0.16371681415929204,0.3053097345132743,0.5176991150442478
112,112,0.1441095710892196,0.06013745704467354,0.140893470790378,0.3178694158075601
113,113,0.130298305351294,0.05303030303030303,0.125,0.25757575757575757
114,114,0.15025887614257155,0.05791505791505792,0.16216216216216217,0.3281853281853282
115,115,0.12374661203729552,0.04271356783919598,0.10804020100502512,0.2989949748743719
116,116,0.14633527512358097,0.057692307692307696,0.15384615384615385,0.34615384615384615
117,117,0.17140629814108924,0.08602150537634409,0.17540322580645162,0.34274193548387094
118,118,0.13463328396385463,0.0563165905631659,0.13013698630136986,0.2876712328767123
119,119,0.138961809743809,0.05552391799544419,0.13752847380410022,0.2989749430523918
120,120,0.11511392660558328,0.03125,0.0859375,0.2890625
121,121,0.12990266712976553,0.04398826979472141,0.1378299120234604,0.30058651026392963
122,122,0.16925274386543862,0.08854166666666667,0.171875,0.3333333333333333
123,123,0.15781347500779389,0.07595628415300547,0.1546448087431694,0.31366120218579235
124,124,0.26851446973909465,0.14754098360655737,0.28688524590163933,0.5491803278688525
125,125,0.1500021952354629,0.06967213114754098,0.13114754098360656,0.3155737704918033
126,126,0.1960135363119355,0.10747663551401869,0.20093457943925233,0.3644859813084112
127,127,0.13155465384990989,0.05304101838755304,0.1188118811881188,0.28854314002828857
128,128,0.2398124502809378,0.1485148514851485,0.2524752475247525,0.4405940594059406
129,129,0.2220565364658336,0.11188118811881188,0.2396039603960396,0.4603960396039604
130,130,0.11260147687597719,0.039047619047619046,0.09238095238095238,0.2638095238095238
131,131,0.1848047059095755,0.09971098265895954,0.1936416184971098,0.33959537572254334
132,132,0.2091613710726824,0.11515151515151516,0.20303030303030303,0.43333333333333335
133,133,0.1516725242119226,0.05688622754491018,0.15568862275449102,0.3323353293413174
134,134,0.22106569213530586,0.11925795053003534,0.22879858657243815,0.4293286219081272
135,135,0.11358070909712167,0.04044117647058824,0.11213235294117647,0.24448529411764705
136,136,0.14168030842877602,0.04065040650406504,0.16260162601626016,0.2967479674796748
137,137,0.1436616248307491,0.06572769953051644,0.13028169014084506,0.3039906103286385
138,138,0.1665383290078005,0.0819327731092437,0.16911764705882354,0.33718487394957986
139,139,0.12618614737129766,0.043154761904761904,0.10863095238095238,0.29910714285714285
140,140,0.2583312620584709,0.1774193548387097,0.26881720430107525,0.3924731182795699
141,141,0.11831859528510681,0.04695837780149413,0.10458911419423693,0.2657417289220918
142,142,0.1596069448888563,0.07539682539682539,0.1574074074074074,0.3373015873015873
143,143,0.16917543210135363,0.09015091342335187,0.1687847498014297,0.3193010325655282
144,144,0.21930452601611478,0.15789473684210525,0.18421052631578946,0.39473684210526316
145,145,0.1727042555134291,0.09220779220779221,0.15974025974025974,0.34545454545454546
146,146,0.19661798432920774,0.10052083333333334,0.20833333333333334,0.384375
147,147,0.14286658724006282,0.04700854700854701,0.14102564102564102,0.3418803418803419
148,148,0.32823121419275036,0.21706586826347304,0.36676646706586824,0.5598802395209581
149,149,0.1977610582380391,0.09523809523809523,0.20562770562770563,0.4025974025974026
150,150,0.18949563100618136,0.09027777777777778,0.2013888888888889,0.4027777777777778
151,151,0.16598822145398864,0.07142857142857142,0.16589861751152074,0.3686635944700461
152,152,0.23203782110208293,0.12613981762917933,0.24316109422492402,0.44376899696048633
153,153,0.27804682264175024,0.17142857142857143,0.28095238095238095,0.5428571428571428
154,154,0.2710742000789015,0.17657342657342656,0.28321678321678323,0.4562937062937063
155,155,0.21875290986936025,0.11486486486486487,0.20945945945945946,0.43243243243243246
156,156,0.3068336214798773,0.20380434782608695,0.33967391304347827,0.4945652173913043
157,157,0.23617769026771354,0.15240641711229946,0.24598930481283424,0.3877005347593583
158,158,0.13709151499363917,0.05346744309158285,0.1347273689782954,0.3004235044997353
159,159,0.24845628872879724,0.15120967741935484,0.2661290322580645,0.4334677419354839
160,160,0.24146665073564774,0.1407185628742515,0.25449101796407186,0.46107784431137727
161,161,0.1813231744241185,0.0869832173557102,0.18747441670077772,0.372902169463774
162,162,0.1525958695803921,0.0681198910081744,0.15122615803814715,0.3188010899182561
163,163,0.17992602367560842,0.09016393442622951,0.1557377049180328,0.3770491803278688
164,164,0.18771549684196992,0.09443099273607748,0.19854721549636803,0.3765133171912833
165,165,0.16271711550367352,0.0724164425662697,0.160391855551287,0.3486361890126777
166,166,0.15398138142625867,0.07467532467532467,0.1590909090909091,0.2922077922077922
167,167,0.15372350311327235,0.06774193548387097,0.1532258064516129,0.3258064516129032
168,168,0.16650612189305705,0.08655221745350501,0.16380543633762518,0.32689556509299
169,169,0.12847487939335617,0.05621301775147929,0.11834319526627218,0.2692307692307692
170,170,0.1694636406243898,0.0783132530120482,0.15060240963855423,0.39156626506024095
171,171,0.17670509674430848,0.09105534105534105,0.17535392535392536,0.33944658944658945
172,172,0.22040615572733316,0.12898936170212766,0.22606382978723405,0.39228723404255317
173,173,0.22646256533110612,0.11764705882352941,0.23529411764705882,0.45098039215686275
174,174,0.18779308439372383,0.09395424836601307,0.20833333333333334,0.3553921568627451
175,175,0.18011775479907888,0.08963282937365011,0.1652267818574514,0.38876889848812096
176,176,0.13646228095716395,0.05065359477124183,0.1380718954248366,0.30800653594771243
177,177,0.2027236875609582,0.11809815950920245,0.20245398773006135,0.3604294478527607
178,178,0.1620595837433248,0.07524271844660194,0.15776699029126215,0.3179611650485437
179,179,0.16369715531279386,0.08275862068965517,0.16551724137931034,0.31310344827586206
180,180,0.13643976751870263,0.047058823529411764,0.1338235294117647,0.3073529411764706
181,181,0.17674776689291358,0.08560924369747899,0.17839635854341737,0.36257002801120447
182,182,0.13058125469747106,0.026515151515151516,0.14772727272727273,0.3106060606060606
183,183,0.1362875639970701,0.054831704668838216,0.13246471226927253,0.30238870792616723
184,184,0.15145052222757963,0.06459054209919261,0.15051903114186851,0.31891580161476357
185,185,0.15590203227063495,0.06153846153846154,0.16923076923076924,0.34615384615384615
186,186,0.14892229516997957,0.05985915492957746,0.15492957746478872,0.2992957746478873
187,187,0.2724117024421974,0.18971061093247588,0.27813504823151125,0.42604501607717044
188,188,0.13704550970404109,0.06779661016949153,0.11864406779661017,0.2627118644067797
189,189,0.2431911228807419,0.1650485436893204,0.2524271844660194,0.3786407766990291
190,190,0.14435718042948034,0.06273062730627306,0.13468634686346864,0.3210332103321033
191,191,0.1579759932562076,0.0718562874251497,0.1467065868263473,0.3532934131736527
192,192,0.1564905750619388,0.05412371134020619,0.15979381443298968,0.3711340206185567
193,193,0.20940416950243823,0.12352941176470589,0.20588235294117646,0.41058823529411764
194,194,0.1274261439785571,0.04725897920604915,0.11909262759924386,0.2844990548204159
195,195,0.16229670529426252,0.075,0.18,0.345
196,196,0.1568582240100755,0.07529493407356003,0.15232477446217904,0.31679389312977096
197,197,0.15762932944711897,0.0673076923076923,0.1492914979757085,0.34463562753036436
198,198,0.18456789921841577,0.0903409090909091,0.18863636363636363,0.3664772727272727
199,199,0.17881506138480885,0.0914396887159533,0.17704280155642024,0.3560311284046693
200,200,0.13366580142540863,0.05555555555555555,0.13425925925925927,0.27546296296296297
201,201,0.36736570868682894,0.24242424242424243,0.41774891774891776,0.6082251082251082
202,202,0.12786909932215976,0.05526315789473684,0.10263157894736842,0.2710526315789474
203,203,0.13592014007913542,0.041666666666666664,0.13541666666666666,0.3489583333333333
204,204,0.23441442884882077,0.13063063063063063,0.2702702702702703,0.4099099099099099
205,205,0.1603355641176735,0.07155322862129145,0.15357766143106458,0.3368237347294939
206,206,0.22751837423360574,0.10493827160493827,0.25925925925925924,0.4691358024691358
207,207,0.19380634378266443,0.11224489795918367,0.1989795918367347,0.3494897959183674
208,208,0.157012196404679,0.07198443579766536,0.1575875486381323,0.3404669260700389
209,209,0.1524235631473131,0.07684210526315789,0.1463157894736842,0.3031578947368421
210,210,0.11444947240496595,0.030303030303030304,0.10606060606060606,0.30808080808080807
211,211,0.22332168629153087,0.11974110032362459,0.23948220064724918,0.4174757281553398
212,212,0.168916341342541,0.07709750566893424,0.17233560090702948,0.3492063492063492
213,213,0.3159196798219436,0.2125,0.33125,0.5375
214,214,0.12028375412037266,0.0347985347985348,0.1043956043956044,0.29853479853479853
215,215,0.2206795377935081,0.11032258064516129,0.24645161290322581,0.4393548387096774
216,216,0.11487982094407714,0.031055900621118012,0.10869565217391304,0.2919254658385093
217,217,0.1766100344398411,0.075,0.175,0.425
218,218,0.22230004683324378,0.11614730878186968,0.2390226628895184,0.43555240793201133
219,219,0.5184181654388643,0.40963855421686746,0.570281124497992,0.7248995983935743
220,220,0.1462881443066779,0.07043879907621248,0.1420323325635104,0.2909930715935335
221,221,0.3580217037137338,0.26616915422885573,0.373134328358209,0.5422885572139303
222,222,0.13801600547721768,0.06666666666666667,0.10833333333333334,0.30833333333333335
223,223,0.13779826234012826,0.057432432432432436,0.13006756756756757,0.3108108108108108
224,224,0.16234904474277975,0.07731958762886598,0.16073102155576383,0.33270852858481725
225,225,0.17748318827749146,0.0854189336235038,0.1719260065288357,0.3764961915125136
226,226,0.14986606214642467,0.06321839080459771,0.14367816091954022,0.3218390804597701
227,227,0.32092813062684333,0.19142857142857142,0.35428571428571426,0.5857142857142857
228,228,0.1483996240134186,0.06438515081206496,0.14849187935034802,0.31786542923433875
229,229,0.11119366105260535,0.029411764705882353,0.08823529411764706,0.28431372549019607
230,230,0.13491883339731525,0.05263157894736842,0.13157894736842105,0.29605263157894735
231,231,0.19237744614629718,0.07692307692307693,0.2,0.4846153846153846
232,232,0.19555997714281104,0.09595959595959595,0.1936026936026936,0.3888888888888889
233,233,0.19291241418689808,0.10131332082551595,0.19324577861163228,0.3799249530956848
234,234,0.16339946602420582,0.04639175257731959,0.15979381443298968,0.42783505154639173
235,235,0.19026733054497724,0.10393258426966293,0.18258426966292135,0.37546816479400746
236,236,0.11880338926293188,0.04371584699453552,0.10109289617486339,0.27049180327868855
237,237,0.25966671580040396,0.16115702479338842,0.2809917355371901,0.45454545454545453
238,238,0.136711322676657,0.05,0.1318181818181818,0.3181818181818182
239,239,0.19694945205161826,0.10526315789473684,0.19883040935672514,0.4093567251461988
240,240,0.21704462662306642,0.12650602409638553,0.19879518072289157,0.43373493975903615
241,241,0.15373437143885377,0.06444444444444444,0.15333333333333332,0.32222222222222224
242,242,0.1430984277276509,0.04794520547945205,0.136986301369863,0.3493150684931507
243,243,0.13893793672543653,0.05576923076923077,0.1423076923076923,0.3096153846153846
244,244,0.4424012493676193,0.3305084745762712,0.4830508474576271,0.6610169491525424
245,245,0.11623650417464498,0.0459830866807611,0.10306553911205074,0.24947145877378435
246,246,0.1648397744749193,0.0782122905027933,0.16759776536312848,0.31843575418994413
247,247,0.22422676900629027,0.11337209302325581,0.2374031007751938,0.46608527131782945
248,248,0.2452416465262718,0.12971698113207547,0.2641509433962264,0.5165094339622641
249,249,0.1407511245859982,0.05963302752293578,0.12844036697247707,0.30275229357798167
250,250,0.1389504245829896,0.06593406593406594,0.12637362637362637,0.2857142857142857
251,251,0.24851102021798083,0.14261744966442952,0.2516778523489933,0.47818791946308725
252,252,0.14338046325402248,0.06440677966101695,0.13559322033898305,0.2983050847457627
253,253,0.16328441141288447,0.08081570996978851,0.16691842900302115,0.324773413897281
254,254,0.1270511149275088,0.05119825708061002,0.12037037037037036,0.2717864923747277
255,255,0.14696150203027428,0.07538461538461538,0.14,0.28923076923076924
256,256,0.17858283533757377,0.09,0.16833333333333333,0.37333333333333335
257,257,0.1746128863154443,0.08166969147005444,0.18284936479128858,0.35934664246823955
258,258,0.11730437348752194,0.04963235294117647,0.10600490196078431,0.24693627450980393
259,259,0.1867091529695779,0.10510510510510511,0.18618618618618618,0.35135135135135137
260,260,0.14205947392873045,0.05098684210526316,0.12828947368421054,0.3519736842105263
261,261,0.2067395496280575,0.13636363636363635,0.18181818181818182,0.3677685950413223
262,262,0.13755631294182355,0.06493506493506493,0.12987012987012986,0.275974025974026
263,263,0.13727387432384958,0.04395604395604396,0.12637362637362637,0.34065934065934067
264,264,0.1987501807686966,0.11437908496732026,0.19934640522875818,0.3562091503267974
265,265,0.1442824312759246,0.07105263157894737,0.13157894736842105,0.2894736842105263
266,266,0.15799694669609973,0.06428571428571428,0.15892857142857142,0.3482142857142857
267,267,0.4009951191057919,0.32432432432432434,0.40540540540540543,0.5472972972972973
268,268,0.16170494685471437,0.06565656565656566,0.1717171717171717,0.367003367003367
269,269,0.19132671622201583,0.09210526315789473,0.20723684210526316,0.3980263157894737
270,270,0.13960223306952121,0.056239015817223195,0.13532513181019332,0.3163444639718805
271,271,0.12306746015822474,0.04838709677419355,0.10850439882697947,0.26832844574780057
272,272,0.1787275732927586,0.08333333333333333,0.17063492063492064,0.36904761904761907
273,273,0.22281494009333175,0.1054421768707483,0.23809523809523808,0.47278911564625853
274,274,0.1722385261846872,0.09598853868194843,0.17048710601719197,0.3137535816618911
275,275,0.1928261467184082,0.104,0.192,0.376
276,276,0.17121476182092482,0.09360189573459715,0.1646919431279621,0.3246445497630332
277,277,0.12003873809672133,0.06140350877192982,0.09649122807017543,0.24561403508771928
278,278,0.1380666996581005,0.05303030303030303,0.14191919191919192,0.2883838383838384
279,279,0.16672775606481846,0.08388157894736842,0.17105263157894737,0.3125
280,280,0.15701346634434452,0.07612781954887218,0.14661654135338345,0.32142857142857145
281,281,0.24333117570727314,0.14258028792912514,0.2555370985603544,0.45542635658914726
282,282,0.17039854041962454,0.07983193277310924,0.18907563025210083,0.3277310924369748
283,283,0.18379446254714968,0.08916083916083917,0.18706293706293706,0.3811188811188811
284,284,0.16597703148898818,0.08031674208144797,0.16289592760180996,0.3269230769230769
285,285,0.11769092481015805,0.03804347826086957,0.10326086956521739,0.28804347826086957
286,286,0.18783677581231348,0.09210526315789473,0.1875,0.3980263157894737
287,287,0.12147821757946138,0.04733009708737864,0.11529126213592233,0.25970873786407767
288,288,0.24274530165179925,0.13247863247863248,0.2606837606837607,0.45726495726495725
289,289,0.22899670713082787,0.13432835820895522,0.23507462686567165,0.4216417910447761
290,290,0.13886926905962613,0.04830917874396135,0.13768115942028986,0.3188405797101449
291,291,0.18934258643295387,0.09826589595375723,0.18304431599229287,0.3815028901734104
292,292,0.14018779171241785,0.056990881458966566,0.13677811550151975,0.30129179331306993
293,293,0.15865220899305166,0.07193877551020408,0.15612244897959185,0.3357142857142857
294,294,0.1379808672060361,0.05346820809248555,0.1430635838150289,0.2904624277456647
295,295,0.14477524860140586,0.06569343065693431,0.1446167883211679,0.29516423357664234
296,296,0.227276101746539,0.1346153846153846,0.23461538461538461,0.4230769230769231
297,297,0.16347039746938294,0.07984790874524715,0.15652724968314322,0.3365019011406844
298,298,0.16003338266175385,0.07087628865979381,0.16494845360824742,0.3427835051546392
299,299,0.15511649649751327,0.07042253521126761,0.14084507042253522,0.352112676056338
300,300,0.12075707699698997,0.04794520547945205,0.10616438356164383,0.25
301,301,0.17218641990941616,0.07939189189189189,0.16891891891891891,0.36317567567567566
302,302,0.14665017088871207,0.05232558139534884,0.13953488372093023,0.3372093023255814
303,303,0.13988016678545667,0.053252032520325204,0.13658536585365855,0.3178861788617886
304,304,0.16533420597572923,0.08037383177570094,0.16261682242990655,0.3355140186915888
305,305,0.1449229527031402,0.06969026548672566,0.13163716814159293,0.3008849557522124
306,306,0.13439506460378348,0.056043956043956046,0.11978021978021978,0.2956043956043956
307,307,0.13419914839397565,0.05405405405405406,0.13175675675675674,0.2702702702702703
308,308,0.16864641581147924,0.0826039387308534,0.16575492341356673,0.3479212253829322
309,309,0.13897297899342634,0.05442176870748299,0.1326530612244898,0.3072562358276644
310,310,0.14089247966998317,0.058357348703170026,0.13256484149855907,0.31484149855907784
311,311,0.13725360273603615,0.05721393034825871,0.1256218905472637,0.31467661691542287
312,312,0.18369240864290204,0.08695652173913043,0.19001610305958133,0.37278582930756843
313,313,0.1746174973678577,0.08698630136986302,0.17602739726027397,0.3595890410958904
314,314,0.11720962282288239,0.04085603112840467,0.10603112840466926,0.2733463035019455
315,315,0.14306286686215056,0.05223880597014925,0.14925373134328357,0.34328358208955223
316,316,0.11815226528800842,0.040145985401459854,0.10218978102189781,0.2718978102189781
317,317,0.11700162081399769,0.03443877551020408,0.12244897959183673,0.274234693877551
318,318,0.10691861957118384,0.041809458533241944,0.09527073337902674,0.23029472241261137
319,319,0.1514283963657742,0.058579881656804736,0.14911242603550295,0.3473372781065089
320,320,0.1609312689686171,0.0678391959798995,0.17587939698492464,0.34673366834170855
321,321,0.1629826114151343,0.07057057057057058,0.15915915915915915,0.34234234234234234
322,322,0.1264615058476126,0.058823529411764705,0.1134453781512605,0.25630252100840334
323,323,0.16818065646232444,0.08803418803418804,0.16666666666666666,0.3170940170940171
324,324,0.15209826001566087,0.07275711159737418,0.14332603938730853,0.3172866520787746
325,325,0.23615369123095256,0.1304004214963119,0.2507903055848261,0.45442571127502634
326,326,0.14133644684376234,0.052845528455284556,0.14227642276422764,0.3252032520325203
327,327,0.1371177482818653,0.043010752688172046,0.14516129032258066,0.3225806451612903
328,328,0.17703655214282102,0.09171597633136094,0.16272189349112426,0.3698224852071006
329,329,0.1376044943663143,0.06172839506172839,0.1337448559670782,0.26337448559670784
330,330,0.48645524119909106,0.39,0.52,0.74
331,331,0.13713329845414268,0.06032171581769437,0.13002680965147453,0.2774798927613941
332,332,0.14142737174385492,0.05327868852459016,0.14754098360655737,0.319672131147541
333,333,0.19063658233734437,0.0951048951048951,0.1944055944055944,0.3979020979020979
334,334,0.15495539798445643,0.07383966244725738,0.16244725738396623,0.3333333333333333
335,335,0.14779629632410007,0.04,0.16,0.38
336,336,0.16476640638212817,0.041666666666666664,0.2,0.38333333333333336
337,337,0.12168466014728048,0.045454545454545456,0.13636363636363635,0.22727272727272727
338,338,0.1495483546867536,0.07099035933391762,0.14899211218229624,0.30192813321647677
339,339,0.24299850048208305,0.15463917525773196,0.23711340206185566,0.4072164948453608
340,340,0.1388397124917185,0.0694006309148265,0.12618296529968454,0.2634069400630915
341,341,0.2933474548807065,0.17391304347826086,0.3217391304347826,0.5434782608695652
342,342,0.21456533607455458,0.13602015113350127,0.21662468513853905,0.3690176322418136
343,343,0.20702563667661464,0.11320754716981132,0.21933962264150944,0.39976415094339623
344,344,0.15938868438716008,0.07727272727272727,0.15,0.3386363636363636
345,345,0.14101907888334683,0.06770833333333333,0.125,0.3125
346,346,0.1363727169111497,0.04591836734693878,0.1326530612244898,0.3112244897959184
347,347,0.19339384553526603,0.10638297872340426,0.20212765957446807,0.3776595744680851
348,348,0.17805993036754192,0.08333333333333333,0.14166666666666666,0.4083333333333333
349,349,0.14220085059678889,0.059322033898305086,0.15254237288135594,0.3177966101694915
350,350,0.17185064174470793,0.08776595744680851,0.17287234042553193,0.3351063829787234
351,351,0.12539085776418338,0.03571428571428571,0.12946428571428573,0.3125
352,352,0.1564939652707223,0.0661764705882353,0.1488970588235294,0.34650735294117646
353,353,0.26463709626187454,0.14743589743589744,0.27564102564102566,0.532051282051282
354,354,0.17286692691637814,0.08024691358024691,0.17901234567901234,0.3395061728395062
355,355,0.17659112779562602,0.08176100628930817,0.18867924528301888,0.3553459119496855
356,356,0.14258516768396895,0.06560773480662983,0.13259668508287292,0.2907458563535912
357,357,0.17888312885498084,0.09210526315789473,0.16666666666666666,0.36403508771929827
358,358,0.1716973550247328,0.08823529411764706,0.16563467492260062,0.35758513931888547
359,359,0.18466557743950926,0.0982532751091703,0.19213973799126638,0.33624454148471616
360,360,0.18387372559035367,0.08796296296296297,0.17592592592592593,0.37962962962962965
361,361,0.20417160046696603,0.10975609756097561,0.2048780487804878,0.4
362,362,0.16314632460798623,0.07142857142857142,0.14285714285714285,0.4126984126984127
363,363,0.30477844679735117,0.21311475409836064,0.3155737704918033,0.4918032786885246
364,364,0.1495502188510246,0.06659836065573771,0.14651639344262296,0.32172131147540983
365,365,0.1734833780394259,0.10585585585585586,0.16216216216216217,0.3108108108108108
366,366,0.27063956901471464,0.15760869565217392,0.31521739130434784,0.483695652173913
367,367,0.2593125706967874,0.144,0.288,0.492
368,368,0.1604890904483852,0.07064721969006381,0.16226071103008205,0.33272561531449407
369,369,0.20848311306173636,0.11026380873866447,0.22320692497938993,0.40065952184666115
370,370,0.13170201028404918,0.0532329988851728,0.12569676700111482,0.2853957636566332
371,371,0.18289686351020368,0.08181818181818182,0.18181818181818182,0.38181818181818183
372,372,0.2969138432337382,0.22151898734177214,0.2911392405063291,0.44936708860759494
373,373,0.1397044656127297,0.058333333333333334,0.134375,0.296875
374,374,0.2251430054546888,0.12655601659751037,0.23443983402489627,0.4336099585062241
375,375,0.14367449976486166,0.055846422338568937,0.13787085514834205,0.3237347294938918
376,376,0.1592445862439727,0.06987847222222222,0.1577690972222222,0.3404947916666667
377,377,0.22618943602292307,0.1298342541436464,0.23825966850828728,0.4074585635359116
378,378,0.12668560362048403,0.04821802935010482,0.11530398322851153,0.2882599580712788
379,379,0.14563322920816654,0.06768558951965066,0.1408296943231441,0.302037845705968
380,380,0.14530416107057123,0.06776556776556776,0.1336996336996337,0.31135531135531136
381,381,0.16810918382044704,0.0738255033557047,0.17114093959731544,0.3573825503355705
382,382,0.14955982312217841,0.07193229901269393,0.13469675599435826,0.32016925246826516
383,383,0.1709165255054893,0.08061002178649238,0.16884531590413943,0.35838779956427014
384,384,0.14807805116343922,0.05056179775280899,0.14606741573033707,0.33146067415730335
385,385,0.21158859261033666,0.12759643916913946,0.21216617210682492,0.37091988130563797
386,386,0.1764812578854085,0.07333333333333333,0.16666666666666666,0.43333333333333335
387,387,0.16497365649279666,0.07897435897435898,0.16102564102564101,0.33282051282051284
388,388,0.33055637139330124,0.229064039408867,0.3530377668308703,0.5459770114942529
389,389,0.17137699147939192,0.08454106280193237,0.178743961352657,0.321256038647343
390,390,0.13178048994104227,0.05776173285198556,0.12515042117930206,0.27737665463297234
391,391,0.16306342338912588,0.07472067039106145,0.15502793296089384,0.35195530726256985
392,392,0.14042807984948896,0.05319148936170213,0.1453900709219858,0.3333333333333333
393,393,0.09851709429569172,0.03820598006644518,0.07807308970099668,0.2009966777408638
394,394,0.28614542782129415,0.18556701030927836,0.29896907216494845,0.5128865979381443
395,395,0.1846682546257852,0.08426966292134831,0.18726591760299627,0.4250936329588015
396,396,0.17334468523990118,0.09905660377358491,0.1650943396226415,0.32075471698113206
397,397,0.15417773836372545,0.06989543203082003,0.15162355531095212,0.3194826637314254
398,398,0.13995835295512948,0.0549777117384844,0.14041604754829123,0.3083209509658247
399,399,0.1401198000857848,0.04878048780487805,0.12195121951219512,0.3048780487804878
400,400,0.2964208270721954,0.2,0.30344827586206896,0.506896551724138
401,401,0.23466480498653614,0.13019287833827894,0.2488872403560831,0.4621661721068249
402,402,0.16836436612850894,0.09018987341772151,0.1787974683544304,0.310126582278481
403,403,0.15842389031323156,0.08633540372670807,0.15527950310559005,0.30496894409937886
404,404,0.12023554018900318,0.04515828677839851,0.11126629422718808,0.2644320297951583
405,405,0.2087123561361014,0.10486322188449848,0.20516717325227962,0.4635258358662614
406,406,0.11334145446861223,0.04814814814814815,0.0962962962962963,0.24444444444444444
407,407,0.18637778527292212,0.08943781942078365,0.19931856899488926,0.36712095400340716
408,408,0.16066358865486902,0.05555555555555555,0.17777777777777778,0.38333333333333336
409,409,0.20574696782540933,0.10752688172043011,0.1989247311827957,0.42473118279569894
410,410,0.13223947097293165,0.05,0.1275,0.2975
411,411,0.15569143714144684,0.06890130353817504,0.15549348230912477,0.32774674115456237
412,412,0.13684905395051747,0.05476190476190476,0.1380952380952381,0.2857142857142857
413,413,0.13831401280922587,0.06234256926952141,0.13350125944584382,0.2827455919395466
414,414,0.1458324335927492,0.06782334384858044,0.13643533123028392,0.3028391167192429
415,415,0.14715147892137903,0.06582568807339449,0.1451834862385321,0.30825688073394497
416,416,0.29925546880152926,0.19411764705882353,0.28823529411764703,0.5529411764705883
417,417,0.2786842526241899,0.19743589743589743,0.2923076923076923,0.4256410256410256
418,418,0.16381253526593573,0.08121019108280254,0.160828025477707,0.31528662420382164
419,419,0.17446637276872548,0.0873015873015873,0.1746031746031746,0.3492063492063492
420,420,0.186950935564827,0.08823529411764706,0.17647058823529413,0.4338235294117647
421,421,0.20776288022905093,0.11662531017369727,0.2109181141439206,0.3870967741935484
422,422,0.16103298773697428,0.0688622754491018,0.15419161676646706,0.3383233532934132
423,423,0.1769362581583299,0.08737864077669903,0.17475728155339806,0.38349514563106796
424,424,0.14701876827868746,0.057692307692307696,0.14903846153846154,0.3269230769230769
425,425,0.1577437411126406,0.0712041884816754,0.15549738219895287,0.3298429319371728
426,426,0.15164522641107395,0.07583547557840617,0.13239074550128535,0.31362467866323906
427,427,0.13088643834767727,0.050793650793650794,0.13015873015873017,0.2920634920634921
428,428,0.17152132903426404,0.07908163265306123,0.17346938775510204,0.35459183673469385
429,429,0.3314477904249724,0.23423423423423423,0.35585585585585583,0.5315315315315315
430,430,0.12953888651433307,0.05287206266318538,0.12206266318537859,0.2748041775456919
431,431,0.16148865703483867,0.07481872116018458,0.16282135794330915,0.33025708635464734
432,432,0.14018794976236473,0.0578125,0.13125,0.3125
433,433,0.3447338666008507,0.23655913978494625,0.3763440860215054,0.553763440860215
434,434,0.1299923594412522,0.03937007874015748,0.13582677165354332,0.2992125984251969
435,435,0.25587428906565934,0.14631956912028726,0.2755834829443447,0.47755834829443444
436,436,0.2008035531698042,0.10869565217391304,0.19202898550724637,0.39855072463768115
437,437,0.26519257661353535,0.16901408450704225,0.2887323943661972,0.4225352112676056
438,438,0.21731396397213076,0.10885167464114832,0.2284688995215311,0.45454545454545453
439,439,0.17737727663830052,0.08763837638376384,0.1752767527675277,0.35977859778597787
440,440,0.2618762474424056,0.13291139240506328,0.3291139240506329,0.46835443037974683
441,441,0.30094010649582664,0.22916666666666666,0.3055555555555556,0.4513888888888889
442,442,0.25570534094869773,0.15384615384615385,0.26153846153846155,0.5076923076923077
443,443,0.1360099589102871,0.05263157894736842,0.14802631578947367,0.26973684210526316
444,444,0.12353758690606376,0.0398406374501992,0.12151394422310757,0.29880478087649404
445,445,0.1336911756898855,0.05395072217502124,0.127017841971113,0.28674596431605776
446,446,0.12925239322040735,0.04421768707482993,0.1326530612244898,0.2925170068027211
447,447,0.16972136675574614,0.07860824742268041,0.16881443298969073,0.3595360824742268
448,448,0.261718741239806,0.1737012987012987,0.2767857142857143,0.41883116883116883
449,449,0.15728429628220592,0.06578947368421052,0.11842105263157894,0.39473684210526316
450,450,0.1807335014958409,0.10167130919220056,0.1796657381615599,0.34818941504178275
451,451,0.14034218449912816,0.06113902847571189,0.13484087102177555,0.29690117252931325
452,452,0.14524199684312075,0.06060606060606061,0.13636363636363635,0.32575757575757575
453,453,0.15258015341329503,0.06829573934837092,0.14598997493734336,0.32456140350877194
454,454,0.1444997281271893,0.058823529411764705,0.15441176470588236,0.3088235294117647
455,455,0.15843116858811057,0.07033898305084746,0.15338983050847457,0.34067796610169493
456,456,0.10981378686972669,0.04312865497076023,0.10051169590643275,0.22843567251461988
457,457,0.3033173734808959,0.19281045751633988,0.3137254901960784,0.5490196078431373
458,458,0.15557918106565283,0.07763975155279502,0.14182194616977226,0.32039337474120083
459,459,0.14817981517919,0.06164383561643835,0.1506849315068493,0.3082191780821918
460,460,0.1415751230054872,0.06363636363636363,0.1318181818181818,0.32045454545454544
461,461,0.20096354988998255,0.10344827586206896,0.20689655172413793,0.3988895382817066
462,462,0.113174070175195,0.03626943005181347,0.09844559585492228,0.27461139896373055
463,463,0.26690627634776054,0.18,0.2866666666666667,0.42333333333333334
464,464,0.18218534363945224,0.09313725490196079,0.18137254901960784,0.36764705882352944
465,465,0.165682042724763,0.08078231292517007,0.1649659863945578,0.3333333333333333
466,466,0.18388755592778197,0.09420289855072464,0.1821256038647343,0.36135265700483093
467,467,0.19933530490010565,0.10808823529411765,0.19926470588235295,0.3860294117647059
468,468,0.17669540764403444,0.0816008316008316,0.18347193347193347,0.37525987525987525
469,469,0.17144596247118918,0.07923497267759563,0.18579234972677597,0.3442622950819672
470,470,0.11593675991643092,0.04332552693208431,0.10772833723653395,0.2505854800936768
471,471,0.16897111570677262,0.07989690721649484,0.17525773195876287,0.35695876288659795
472,472,0.18107421848474345,0.07333333333333333,0.19333333333333333,0.4
473,473,0.1514309630134962,0.06588579795021962,0.15592972181551976,0.3162518301610542
474,474,0.19244589156440953,0.09482758620689655,0.1810344827586207,0.3879310344827586
475,475,0.24889143335480915,0.11182519280205655,0.2982005141388175,0.5244215938303342
476,476,0.2507568798020264,0.14804964539007093,0.26063829787234044,0.47074468085106386
477,477,0.1666153420730191,0.076,0.164,0.36
478,478,0.13813186826745685,0.0572987721691678,0.12994542974079126,0.3018417462482947
479,479,0.19892993780054785,0.09950248756218906,0.208955223880597,0.40298507462686567
480,480,0.2140065619559958,0.10810810810810811,0.22297297297297297,0.4527027027027027
481,481,0.17772443325816722,0.08100558659217877,0.18156424581005587,0.3687150837988827
482,482,0.14588531617450784,0.058673469387755105,0.14158163265306123,0.31887755102040816
483,483,0.20230392145394682,0.11764705882352941,0.20588235294117646,0.375
484,484,0.15001686696496064,0.066429418742586,0.1494661921708185,0.3185053380782918
485,485,0.17391260290366894,0.0802675585284281,0.18227424749163879,0.362876254180602
486,486,0.15602783019655675,0.06418918918918919,0.16891891891891891,0.3344594594594595
487,487,0.18148899028898524,0.08686440677966102,0.18008474576271186,0.3824152542372881
488,488,0.11365833648452106,0.025510204081632654,0.11734693877551021,0.2653061224489796
489,489,0.15382843599365328,0.0670926517571885,0.14802981895633652,0.32960596379126733
490,490,0.17559083831454392,0.08242574257425743,0.1797029702970297,0.3641089108910891
491,491,0.1652491590781341,0.07453416149068323,0.15838509316770186,0.36490683229813664
492,492,0.17279125224160125,0.06481481481481481,0.18518518518518517,0.3888888888888889
493,493,0.1886404367089656,0.10033726812816189,0.19898819561551434,0.36930860033726814
494,494,0.14527120113558098,0.06828193832599119,0.14096916299559473,0.2973568281938326
495,495,0.13691834448898968,0.057777777777777775,0.1111111111111111,0.31333333333333335
496,496,0.1577663053275963,0.07740213523131673,0.1494661921708185,0.31761565836298933
497,497,0.23933440552539034,0.1340782122905028,0.25139664804469275,0.44972067039106145
498,498,0.11834201191285024,0.04805491990846682,0.10488176964149504,0.2589626239511823
499,499,0.174237580635379,0.0847457627118644,0.17372881355932204,0.3615819209039548
500,500,0.14683626082225906,0.06266318537859007,0.15013054830287206,0.30678851174934724
501,501,0.1909265242636729,0.09145427286356822,0.19415292353823088,0.39430284857571213
502,502,0.1527324666911958,0.07456140350877193,0.14912280701754385,0.3157894736842105
503,503,0.1483041885675816,0.06578947368421052,0.13815789473684212,0.32894736842105265
504,504,0.14293970906373457,0.06136363636363636,0.1340909090909091,0.30454545454545456
505,505,0.1493661653138222,0.06797583081570997,0.14425981873111782,0.30362537764350456
506,506,0.1861114762910267,0.0891089108910891,0.20297029702970298,0.37623762376237624
507,507,0.13774417639836614,0.05,0.12613636363636363,0.32954545454545453
508,508,0.19459837320667164,0.09090909090909091,0.21212121212121213,0.3874458874458874
509,509,0.1592079861433709,0.07357357357357357,0.1629129129129129,0.32882882882882886
510,510,0.31368191722664407,0.2054794520547945,0.3287671232876712,0.5753424657534246
511,511,0.1598639117248115,0.07183580387685291,0.153363740022805,0.33238312428734323
512,512,0.21650997457538332,0.11581920903954802,0.2231638418079096,0.4265536723163842
513,513,0.1445899975532226,0.0703883495145631,0.13349514563106796,0.28640776699029125
514,514,0.3100340690842942,0.20391061452513967,0.3324022346368715,0.5195530726256983
515,515,0.2940376508125232,0.20786516853932585,0.3089887640449438,0.4550561797752809
516,516,0.39416085587298333,0.30067567567567566,0.4155405405405405,0.5878378378378378
517,517,0.13806819133702802,0.054838709677419356,0.13870967741935483,0.3096774193548387
518,518,0.16756915155432944,0.07525951557093426,0.17560553633217993,0.3494809688581315
519,519,0.09437891935782007,0.029711375212224108,0.08064516129032258,0.21052631578947367
520,520,0.19095033770610179,0.09696969696969697,0.19267676767676767,0.38207070707070706
521,521,0.1301965175325826,0.05223880597014925,0.12473347547974413,0.2921108742004264
522,522,0.1272653438276655,0.050359712230215826,0.12589928057553956,0.2733812949640288
523,523,0.13561592396785815,0.04597701149425287,0.1206896551724138,0.367816091954023
524,524,0.16757857536787144,0.08738601823708207,0.17097264437689969,0.3229483282674772
525,525,0.13756492775653473,0.054642166344294,0.12911025145067698,0.31092843326885883
526,526,0.1336495402004783,0.05045871559633028,0.13027522935779817,0.29495412844036695
527,527,0.18674817963975862,0.1013215859030837,0.184287812041116,0.3590308370044053
528,528,0.13528852758407978,0.04310344827586207,0.13793103448275862,0.31896551724137934
529,529,0.27426310614383587,0.16981132075471697,0.3018867924528302,0.46226415094339623
530,530,0.12538453406039973,0.054723502304147464,0.11808755760368664,0.25806451612903225
531,531,0.14707491304414166,0.0578386605783866,0.14079147640791476,0.334855403348554
532,532,0.21088506791188924,0.11135371179039301,0.22131798332671695,0.4102818578801112
533,533,0.1097587730006986,0.045531197301854974,0.09527824620573355,0.2251264755480607
534,534,0.2922550842951497,0.1909722222222222,0.3055555555555556,0.5104166666666666
535,535,0.15186666277645375,0.0625,0.1597222222222222,0.3333333333333333
536,536,0.32690617289757473,0.20238095238095238,0.36904761904761907,0.5773809523809523
537,537,0.18421976584980293,0.05172413793103448,0.2413793103448276,0.4482758620689655
538,538,0.13947856707815848,0.06015037593984962,0.12406015037593984,0.30451127819548873
539,539,0.1580313423263478,0.07142857142857142,0.15494505494505495,0.3291208791208791
540,540,0.13041164427903426,0.05266579973992198,0.12548764629388817,0.27698309492847856
541,541,0.1111796994479375,0.023333333333333334,0.11,0.28
542,542,0.2541198722815728,0.16052631578947368,0.25,0.4921052631578947
543,543,0.16165168475621028,0.08105939004815409,0.16292134831460675,0.3025682182985554
544,544,0.1415188789495617,0.061079545454545456,0.13636363636363635,0.2940340909090909
545,545,0.11867216310091161,0.0395778364116095,0.10290237467018469,0.28232189973614774
546,546,0.20362301234074645,0.09879175550817342,0.21748400852878466,0.4207533759772566
547,547,0.1877856414684265,0.09614293817356778,0.19455473624503686,0.37209302325581395
548,548,0.18713550970388476,0.10714285714285714,0.1865079365079365,0.3492063492063492
549,549,0.11805651856747884,0.046686746987951805,0.10391566265060241,0.2605421686746988
550,550,0.14801715014108055,0.052083333333333336,0.140625,0.3229166666666667
551,551,0.17121349920072734,0.08490566037735849,0.16037735849056603,0.36792452830188677
552,552,0.17744232489787398,0.08064516129032258,0.1774193548387097,0.3870967741935484
553,553,0.18945955609301002,0.09514563106796116,0.1935275080906149,0.38090614886731394
554,554,0.38394008183272565,0.26859504132231404,0.43388429752066116,0.6157024793388429
555,555,0.2295654804301562,0.13655462184873948,0.226890756302521,0.4117647058823529
556,556,0.14544416888968298,0.06991525423728813,0.1430084745762712,0.2849576271186441
557,557,0.16304667479338034,0.08260233918128655,0.1564327485380117,0.31798245614035087
558,558,0.1528429507065045,0.0706824512534819,0.14623955431754876,0.32172701949860727
559,559,0.14944531152793994,0.052083333333333336,0.14583333333333334,0.3541666666666667
560,560,0.12499688343590469,0.053445850914205346,0.11744022503516174,0.2630098452883263
561,561,0.18992479323351327,0.08943089430894309,0.2073170731707317,0.3983739837398374
562,562,0.18243522937654716,0.10344827586206896,0.1724137931034483,0.31896551724137934
563,563,0.15115269940471643,0.06985294117647059,0.14705882352941177,0.31039915966386555
564,564,0.1862947886689844,0.0979381443298969,0.17010309278350516,0.38144329896907214
565,565,0.20642933432353047,0.11426543647977289,0.21327182398864442,0.3960255500354862
566,566,0.2470122536078898,0.15196078431372548,0.23529411764705882,0.47549019607843135
567,567,0.17583068221017392,0.08387516254876463,0.16775032509752927,0.3732119635890767
568,568,0.22719054759616475,0.12226277372262774,0.24635036496350365,0.44525547445255476
569,569,0.23283993119778248,0.12444444444444444,0.2577777777777778,0.4777777777777778
570,570,0.13557529040635355,0.052588996763754045,0.13147249190938512,0.29085760517799353
571,571,0.2484225386462242,0.1559633027522936,0.2706422018348624,0.42660550458715596
572,572,0.15254127882748852,0.06711624919717406,0.15157353885677585,0.3246628131021195
573,573,0.14466032606926477,0.06030150753768844,0.1407035175879397,0.32077051926298156
574,574,0.5415485008293747,0.46296296296296297,0.5679012345679012,0.6975308641975309
575,575,0.19181712918301727,0.10540069686411149,0.18815331010452963,0.36846689895470386
576,576,0.12186332255972587,0.03968253968253968,0.10317460317460317,0.30952380952380953
577,577,0.12246824320682202,0.05303030303030303,0.10606060606060606,0.25757575757575757
578,578,0.11601826893106613,0.046153846153846156,0.1,0.23846153846153847
579,579,0.33587804290543666,0.2619047619047619,0.3541666666666667,0.47619047619047616
580,580,0.27542552734279685,0.1956521739130435,0.26811594202898553,0.43478260869565216
581,581,0.11638547458221399,0.034722222222222224,0.10416666666666667,0.3125
582,582,0.15658036265553857,0.06868131868131869,0.1565934065934066,0.3269230769230769
583,583,0.12518369205854932,0.048344370860927154,0.1152317880794702,0.27947019867549666
584,584,0.21718176382959425,0.10825688073394496,0.23761467889908258,0.43302752293577984
585,585,0.2740938397098616,0.16463414634146342,0.2926829268292683,0.4878048780487805
586,586,0.161877595040921,0.07873134328358208,0.1582089552238806,0.32723880597014926
587,587,0.233747214808302,0.10884353741496598,0.2653061224489796,0.4965986394557823
588,588,0.24557205245395228,0.16233766233766234,0.24025974025974026,0.4155844155844156
589,589,0.3471136682288815,0.26495726495726496,0.37606837606837606,0.49572649572649574
590,590,0.1777113076956634,0.09042553191489362,0.17907801418439717,0.3546099290780142
591,591,0.11677714549698896,0.03896103896103896,0.11038961038961038,0.2711038961038961
592,592,0.220417521525182,0.11818181818181818,0.2,0.4818181818181818
593,593,0.19020593340744651,0.08667972575905974,0.19539666993143975,0.40842311459353575
594,594,0.17894118100061807,0.08724100327153762,0.1766630316248637,0.3718647764449291
595,595,0.15369588518751143,0.07564575645756458,0.13837638376383765,0.3284132841328413
596,596,0.2597143889111151,0.1513859275053305,0.2697228144989339,0.4957356076759062
597,597,0.18703121855033605,0.08422939068100359,0.1989247311827957,0.4068100358422939
598,598,0.16780333377205595,0.08159722222222222,0.1684027777777778,0.3368055555555556
599,599,0.11293569131504211,0.03640776699029126,0.10194174757281553,0.25970873786407767
600,600,0.12442818918755189,0.050359712230215826,0.11690647482014388,0.25539568345323743
601,601,0.18375799216494937,0.09693877551020408,0.1836734693877551,0.35714285714285715
602,602,0.22137048655449837,0.13414634146341464,0.21341463414634146,0.4268292682926829
603,603,0.13468408715496874,0.05844155844155844,0.12337662337662338,0.2818181818181818
604,604,0.14902043391390846,0.050505050505050504,0.15656565656565657,0.35353535353535354
605,605,0.14960711276696945,0.061746987951807226,0.14457831325301204,0.3328313253012048
606,606,0.15569473133961334,0.07169811320754717,0.1509433962264151,0.3113207547169811
607,607,0.18775678337607415,0.08494783904619971,0.19821162444113263,0.39120715350223545
608,608,0.166852085520326,0.08375,0.16375,0.33875
609,609,0.16966813391903823,0.07950438822922044,0.16726897263810014,0.3624161073825503
610,610,0.18010410571054714,0.08461538461538462,0.16923076923076924,0.4076923076923077
611,611,0.11215677766565939,0.041463414634146344,0.09895470383275261,0.24285714285714285
612,612,0.19042391801397615,0.10317460317460317,0.1984126984126984,0.36507936507936506
613,613,0.13454344559813564,0.052752293577981654,0.12844036697247707,0.30045871559633025
614,614,0.1023643639159267,0.0375,0.09166666666666666,0.2
615,615,0.13005368355023803,0.046153846153846156,0.11538461538461539,0.30512820512820515
616,616,0.24275112560794923,0.13957055214723926,0.2668711656441718,0.455521472392638
617,617,0.3023212620052328,0.20812182741116753,0.31218274111675126,0.5025380710659898
618,618,0.12688355412817443,0.04984894259818731,0.1299093655589124,0.27492447129909364
619,619,0.18029802054165955,0.08727272727272728,0.18,0.3654545454545455
620,620,0.18947878023308679,0.10377358490566038,0.18238993710691823,0.3710691823899371
621,621,0.1908138142206875,0.125,0.1875,0.2890625
622,622,0.2236229292098612,0.13416815742397137,0.23166368515205724,0.40250447227191416
623,623,0.2245509673795159,0.13291139240506328,0.24367088607594936,0.37658227848101267
624,624,0.20799243100577913,0.1286549707602339,0.2046783625730994,0.3567251461988304
625,625,0.18513919408107377,0.08370535714285714,0.19308035714285715,0.4017857142857143
626,626,0.15261141832078307,0.06735159817351598,0.1480213089802131,0.3222983257229833
627,627,0.17042037232784446,0.08823529411764706,0.16666666666666666,0.3480392156862745
628,628,0.19282800309912757,0.08823529411764706,0.21176470588235294,0.4117647058823529
629,629,0.16262870070715424,0.07763975155279502,0.16770186335403728,0.3105590062111801
630,630,0.36821914705340075,0.2948717948717949,0.3717948717948718,0.532051282051282
631,631,0.139667076909985,0.061887254901960786,0.13112745098039216,0.28982843137254904
632,632,0.17062127032467653,0.08500772797527048,0.17078825347758886,0.3446676970633694
633,633,0.17082951333492127,0.07791411042944785,0.17300613496932515,0.3656441717791411
634,634,0.13935313399802007,0.05161290322580645,0.12580645161290321,0.31290322580645163
635,635,0.16844289657915115,0.08576480990274093,0.16357206012378425,0.33554376657824936
636,636,0.151722279469264,0.0640495867768595,0.14824380165289255,0.327995867768595
637,637,0.18912424491279875,0.0956017104459377,0.19211973121563836,0.3769089798411729
638,638,0.21096807721238944,0.10612244897959183,0.21020408163265306,0.42857142857142855
639,639,0.13244711060948522,0.06337325349301397,0.12125748502994012,0.2619760479041916
640,640,0.13534682574737225,0.05537190082644628,0.12727272727272726,0.28677685950413223
641,641,0.16935690848384843,0.08867924528301886,0.16226415094339622,0.32264150943396225
642,642,0.1804612896697152,0.09142857142857143,0.18285714285714286,0.3485714285714286
643,643,0.12981362554269704,0.052980132450331126,0.11721854304635762,0.2854304635761589
644,644,0.11647628823589429,0.040780141843971635,0.10460992907801418,0.2570921985815603
645,645,0.13974343851304064,0.05924170616113744,0.1362559241706161,0.3009478672985782
646,646,0.14454536901471696,0.05025125628140704,0.15326633165829145,0.31909547738693467
647,647,0.1705364320280771,0.09375,0.1640625,0.3125
648,648,0.16186181985086004,0.07399577167019028,0.16279069767441862,0.3361522198731501
649,649,0.18868629505586618,0.09696969696969697,0.1984848484848485,0.3696969696969697
650,650,0.13872278472632554,0.04296875,0.140625,0.3203125
651,651,0.2623822039848733,0.18181818181818182,0.2590909090909091,0.41818181818181815
652,652,0.2451003167927939,0.1267123287671233,0.2808219178082192,0.4726027397260274
653,653,0.1722127037570986,0.07944845699277742,0.17301378857518057,0.36441234405778067
654,654,0.14769243770656554,0.06,0.15,0.29
655,655,0.20155490950126545,0.10784313725490197,0.21568627450980393,0.3627450980392157
656,656,0.24077812358584452,0.14082278481012658,0.2563291139240506,0.43354430379746833
657,657,0.1751202942482841,0.08948863636363637,0.1747159090909091,0.3536931818181818
658,658,0.13368865633761132,0.05631399317406143,0.12457337883959044,0.29692832764505117
659,659,0.17467854117205397,0.07207207207207207,0.18468468468468469,0.3843843843843844
660,660,0.3268674340131502,0.25510204081632654,0.32142857142857145,0.4744897959183674
661,661,0.15799868452542978,0.07763401109057301,0.15249537892791126,0.32162661737523107
662,662,0.14925786479303021,0.06569343065693431,0.15328467153284672,0.31386861313868614
663,663,0.12728239815715472,0.058823529411764705,0.10784313725490197,0.3333333333333333
664,664,0.18945123630428692,0.10088495575221239,0.18849557522123894,0.37610619469026546
665,665,0.18210218146307575,0.08953636750319013,0.18609102509570397,0.36729051467460655
666,666,0.14458848469073396,0.06230031948881789,0.13578274760383385,0.3146964856230032
667,667,0.1455796973012925,0.04814814814814815,0.15185185185185185,0.3296296296296296
668,668,0.1623278617374211,0.06578947368421052,0.16052631578947368,0.3605263157894737
669,669,0.13438726651072883,0.05454545454545454,0.13636363636363635,0.3
670,670,0.15818236334423855,0.07508833922261485,0.14575971731448764,0.3295053003533569
671,671,0.12977699169699053,0.029411764705882353,0.13725490196078433,0.35294117647058826
672,672,0.16845121604978538,0.0805978898007034,0.16705744431418523,0.34261430246189917
673,673,0.19181022062459946,0.1,0.19375,0.3984375
674,674,0.14746982589479954,0.06836902800658978,0.1342668863261944,0.3158978583196046
675,675,0.18857469663908474,0.09282178217821782,0.19306930693069307,0.400990099009901
676,676,0.20267285438958738,0.11403508771929824,0.22587719298245615,0.36403508771929827
677,677,0.20492667700816847,0.1270949720670391,0.20949720670391062,0.34916201117318435
678,678,0.1280832921956766,0.054838709677419356,0.11895161290322581,0.2713709677419355
679,679,0.2236832255554576,0.12244897959183673,0.25170068027210885,0.42517006802721086
680,680,0.2407606600422496,0.13101716199246546,0.25847634993721225,0.47488488907492676
681,681,0.3478849967390602,0.21428571428571427,0.4010989010989011,0.5989010989010989
682,682,0.15209400813768542,0.07414965986394557,0.14829931972789115,0.3081632653061224
683,683,0.1264676829936322,0.04722222222222222,0.11666666666666667,0.2777777777777778
684,684,0.14736996955456794,0.06407185628742515,0.13832335329341316,0.3191616766467066
685,685,0.2930564991168704,0.1887905604719764,0.31268436578171094,0.5088495575221239
686,686,0.2923330774125632,0.1935483870967742,0.3032258064516129,0.5129032258064516
687,687,0.26729959805396575,0.17676767676767677,0.2727272727272727,0.4393939393939394
688,688,0.20053328604283918,0.10784313725490197,0.21568627450980393,0.39215686274509803
689,689,0.18392180222953558,0.0898876404494382,0.18352059925093633,0.3595505617977528
690,690,0.18179686347320745,0.08875739644970414,0.1834319526627219,0.3668639053254438
691,691,0.15932415210571013,0.06870229007633588,0.16793893129770993,0.3435114503816794
692,692,0.12012138124019257,0.04727979274611399,0.1133419689119171,0.25841968911917096
693,693,0.11173339505367172,0.03273809523809524,0.11011904761904762,0.24107142857142858
694,694,0.1426899561948221,0.061586638830897704,0.13413361169102297,0.29958246346555323
695,695,0.21487229808566,0.11769662921348314,0.22134831460674156,0.4101123595505618
696,696,0.19571794986209187,0.1068840579710145,0.2028985507246377,0.3858695652173913
697,697,0.13477252796028788,0.04032258064516129,0.12096774193548387,0.3629032258064516
698,698,0.14259318122371983,0.07547169811320754,0.14150943396226415,0.2830188679245283
699,699,0.13988203355666393,0.061079545454545456,0.12357954545454546,0.3125
700,700,0.3573291862924326,0.23548387096774193,0.3935483870967742,0.6129032258064516
701,701,0.15574705350486406,0.06592039800995025,0.15422885572139303,0.33955223880597013
702,702,0.13463248705194383,0.05305466237942122,0.1270096463022508,0.2877813504823151
703,703,0.14169631858115553,0.06355382619974059,0.12710765239948119,0.29636835278858625
704,704,0.1605713211056353,0.06770538243626062,0.15779036827195467,0.3495750708215297
705,705,0.15240532483147265,0.07227722772277227,0.14257425742574256,0.31386138613861386
706,706,0.3031771147550519,0.18867924528301888,0.3160377358490566,0.5660377358490566
707,707,0.1632342329497108,0.07603092783505154,0.17525773195876287,0.32603092783505155
708,708,0.1123735360171242,0.04219409282700422,0.09563994374120956,0.24542897327707455
709,709,0.15617687017315987,0.07142857142857142,0.125,0.375
710,710,0.1520114039767796,0.06140350877192982,0.15497076023391812,0.31871345029239767
711,711,0.1412485489656698,0.047619047619047616,0.13690476190476192,0.34523809523809523
712,712,0.3495196726331824,0.25381263616557737,0.37145969498910675,0.5522875816993464
713,713,0.17157285215272625,0.0891286970423661,0.16546762589928057,0.3369304556354916
714,714,0.11522707337253278,0.04186046511627907,0.10968992248062015,0.25116279069767444
715,715,0.15890374483571432,0.06818181818181818,0.16258741258741258,0.33916083916083917
716,716,0.18474329640420922,0.09090909090909091,0.18242424242424243,0.3812121212121212
717,717,0.19151808788408192,0.0903010033444816,0.19732441471571907,0.3862876254180602
718,718,0.25988013290625633,0.1645021645021645,0.2748917748917749,0.45670995670995673
719,719,0.277007110101826,0.15447154471544716,0.2967479674796748,0.5589430894308943
720,720,0.1366549997323256,0.05080213903743316,0.12834224598930483,0.3181818181818182
721,721,0.17418889263495374,0.07281553398058252,0.16990291262135923,0.3883495145631068
722,722,0.18610477901072506,0.09090909090909091,0.1920995670995671,0.3814935064935065
723,723,0.152764409529066,0.08088235294117647,0.14705882352941177,0.3161764705882353
724,724,0.1684515144202566,0.1,0.12727272727272726,0.32727272727272727
725,725,0.13264321018890604,0.05754614549402823,0.12920738327904452,0.2698154180238871
726,726,0.12551939786550637,0.054455445544554455,0.10396039603960396,0.28217821782178215
727,727,0.22782475860275628,0.13402061855670103,0.2268041237113402,0.4072164948453608
728,728,0.15955613105676286,0.06867356538099718,0.1636876763875823,0.3443085606773283
729,729,0.1486162650247073,0.06451612903225806,0.16129032258064516,0.2862903225806452
730,730,0.16084400788751468,0.06923714759535655,0.15671641791044777,0.3598673300165838
731,731,0.14905118789402136,0.05941704035874439,0.15190582959641255,0.3267937219730942
732,732,0.13100134908863495,0.05460841768779968,0.12253596164091636,0.28343100692594564
733,733,0.21370730206028485,0.10526315789473684,0.25,0.4342105263157895
734,734,0.1452031919159259,0.06074766355140187,0.13551401869158877,0.32710280373831774
735,735,0.1497738404103203,0.06765163297045101,0.15707620528771385,0.30326594090202175
736,736,0.15153405016213137,0.05955678670360111,0.15096952908587258,0.3462603878116344
737,737,0.1769609108167601,0.08672086720867209,0.17886178861788618,0.35907859078590787
738,738,0.18143099957917155,0.08333333333333333,0.1794871794871795,0.41025641025641024
739,739,0.10629054332077403,0.035326086956521736,0.09347826086956522,0.23315217391304346
740,740,0.160099755114761,0.07107438016528926,0.16446280991735537,0.32975206611570246
741,741,0.11331201631442138,0.047736916548797734,0.10113154172560113,0.23231966053748232
742,742,0.15923298823944282,0.07692307692307693,0.15384615384615385,0.34615384615384615
743,743,0.17190633625888474,0.07936507936507936,0.1746031746031746,0.38095238095238093
744,744,0.20660745317989723,0.11,0.21,0.4
745,745,0.17794910335218536,0.09539473684210527,0.15460526315789475,0.3717105263157895
746,746,0.1595266528548337,0.06565656565656566,0.16414141414141414,0.35353535353535354
747,747,0.17694656198986514,0.08112094395280237,0.1836283185840708,0.35988200589970504
748,748,0.3064598382298903,0.21212121212121213,0.30303030303030304,0.49242424242424243
749,749,0.1248875981841414,0.05606617647058824,0.11580882352941177,0.2610294117647059
750,750,0.14198298053087383,0.06277372262773723,0.13503649635036497,0.3007299270072993
751,751,0.25420458895292336,0.15261627906976744,0.2601744186046512,0.46656976744186046
752,752,0.13599604882438246,0.054878048780487805,0.1402439024390244,0.30691056910569103
753,753,0.14858228811365573,0.05847953216374269,0.14035087719298245,0.3567251461988304
754,754,0.1940651109361339,0.09595959595959595,0.19995408631772268,0.3987603305785124
755,755,0.13371197960083286,0.06484149855907781,0.12536023054755044,0.26368876080691644
756,756,0.16169513428203852,0.07024793388429752,0.17355371900826447,0.34297520661157027
757,757,0.20367029398683067,0.10147058823529412,0.2161764705882353,0.4088235294117647
758,758,0.24015771182861587,0.1336842105263158,0.24947368421052632,0.46210526315789474
759,759,0.15306216214433105,0.07332293291731669,0.14430577223088922,0.3096723868954758
760,760,0.22794589200336346,0.12650602409638553,0.23493975903614459,0.4397590361445783
761,761,0.19315684494197832,0.07142857142857142,0.21978021978021978,0.42857142857142855
762,762,0.13229373957991336,0.05120481927710843,0.12650602409638553,0.2740963855421687
763,763,0.12492345087984626,0.05185185185185185,0.11851851851851852,0.27037037037037037
764,764,0.2265281770586244,0.14312267657992564,0.2379182156133829,0.379182156133829
765,765,0.3078766690469095,0.19230769230769232,0.3254437869822485,0.5532544378698225
766,766,0.12220565895371358,0.045898967952199894,0.11515480717001629,0.2645301466594242
767,767,0.1881703437856764,0.09782608695652174,0.18478260869565216,0.3804347826086957
768,768,0.20182279857343738,0.10526315789473684,0.21428571428571427,0.37218045112781956
769,769,0.2666378636789068,0.14559386973180077,0.30842911877394635,0.5095785440613027
770,770,0.2026951529996147,0.11830985915492957,0.2112676056338028,0.3591549295774648
771,771,0.17874567030881416,0.09197860962566845,0.17700534759358288,0.34919786096256683
772,772,0.20756912765421545,0.13095238095238096,0.19642857142857142,0.375
773,773,0.1517445825093489,0.05084745762711865,0.16101694915254236,0.3644067796610169
774,774,0.19671938593602795,0.0946843853820598,0.21262458471760798,0.4119601328903654
775,775,0.09826444531740597,0.037037037037037035,0.07407407407407407,0.2345679012345679
776,776,0.16585299279481464,0.07142857142857142,0.1875,0.3482142857142857
777,777,0.16958760553689503,0.08208955223880597,0.15671641791044777,0.3358208955223881
778,778,0.2280556353907665,0.13753213367609254,0.2326478149100257,0.41259640102827766
779,779,0.14638382458353358,0.05398110661268556,0.14777327935222673,0.32456140350877194
780,780,0.16554450215438596,0.08676470588235294,0.15588235294117647,0.32941176470588235
781,781,0.1746053719341435,0.07352941176470588,0.17352941176470588,0.3911764705882353
782,782,0.1388360111319087,0.05323450134770889,0.14353099730458221,0.30390835579514824
783,783,0.16969371208086143,0.07840236686390532,0.1834319526627219,0.34467455621301774
784,784,0.20053943307127955,0.10600706713780919,0.1978798586572438,0.42226148409893993
785,785,0.24740036269520158,0.13636363636363635,0.26515151515151514,0.5
786,786,0.15395872935292226,0.06618962432915922,0.15384615384615385,0.3211091234347048
787,787,0.12822372776447089,0.05583756345177665,0.116751269035533,0.27411167512690354
788,788,0.16440268701360194,0.07990867579908675,0.1689497716894977,0.3378995433789954
789,789,0.16573533470998936,0.07188160676532769,0.17230443974630022,0.35306553911205074
790,790,0.246966485185458,0.16346153846153846,0.2564102564102564,0.4198717948717949
791,791,0.1255367719944193,0.05357142857142857,0.11698250728862973,0.26384839650145775
792,792,0.16739847592479307,0.07636887608069164,0.17002881844380405,0.3314121037463977
793,793,0.26662930063971363,0.18877551020408162,0.25255102040816324,0.43112244897959184
794,794,0.166355764531833,0.09210526315789473,0.15789473684210525,0.3201754385964912
795,795,0.18827368121073415,0.10384068278805121,0.19203413940256045,0.35917496443812236
796,796,0.12758612672993963,0.05008561643835616,0.12200342465753425,0.2782534246575342
797,797,0.20129118322262388,0.1111111111111111,0.21264367816091953,0.37547892720306514
798,798,0.16829185296482282,0.08411214953271028,0.16121495327102803,0.3364485981308411
799,799,0.08254757568340361,0.024267782426778243,0.0694560669456067,0.1786610878661088
800,800,0.2564470201301552,0.15355086372360843,0.2706333973128599,0.4712092130518234
801,801,0.16147100922177246,0.07352941176470588,0.16911764705882354,0.31985294117647056
802,802,0.14088655290665925,0.05263157894736842,0.14912280701754385,0.30701754385964913
803,803,0.14754683896319726,0.06386861313868614,0.14841849148418493,0.3156934306569343
804,804,0.13560486138048294,0.060674157303370786,0.12696629213483146,0.2808988764044944
805,805,0.2300291086966333,0.1303501945525292,0.2509727626459144,0.42023346303501946
806,806,0.13661594572944488,0.0625,0.11931818181818182,0.2708333333333333
807,807,0.16435695563996913,0.07172818791946309,0.16715604026845637,0.35528523489932884
808,808,0.17390598612096392,0.09462616822429906,0.17172897196261683,0.3282710280373832
809,809,0.1157974638239648,0.03804347826086957,0.11141304347826086,0.27355072463768115
810,810,0.22409000815949992,0.10185185185185185,0.2037037037037037,0.5185185185185185
811,811,0.22991120855400773,0.13924050632911392,0.22784810126582278,0.4050632911392405
812,812,0.13379071875862664,0.04881656804733728,0.13165680473372782,0.3025147928994083
813,813,0.15051278572094595,0.06659308314937454,0.15121412803532008,0.31456953642384106
814,814,0.16768572529403392,0.0803411131059246,0.15754039497307,0.3478456014362657
815,815,0.10821374691350694,0.038011695906432746,0.09502923976608187,0.24049707602339182
816,816,0.1539326433141831,0.07002360346184107,0.14594807238394963,0.33084185680566486
817,817,0.15142261523091802,0.06780821917808219,0.14315068493150684,0.3095890410958904
818,818,0.13676276305071047,0.06179775280898876,0.12038523274478331,0.30096308186195825
819,819,0.16627251774974622,0.08333333333333333,0.17204301075268819,0.34408602150537637
820,820,0.27632777329131925,0.16037735849056603,0.29245283018867924,0.5339622641509434
821,821,0.23037223152872907,0.10666666666666667,0.26,0.49333333333333335
822,822,0.2088962361076044,0.07317073170731707,0.25,0.4451219512195122
823,823,0.23493373191319444,0.14423076923076922,0.23317307692307693,0.4254807692307692
824,824,0.2055675288519454,0.10666666666666667,0.21333333333333335,0.38666666666666666
825,825,0.13091434191850224,0.0552,0.1232,0.278
826,826,0.17706929644220792,0.08845577211394302,0.17616191904047976,0.37031484257871067
827,827,0.26019274186423924,0.17204301075268819,0.260752688172043,0.4489247311827957
828,828,0.1678802606215138,0.08333333333333333,0.15606060606060607,0.353030303030303
829,829,0.1177031202221551,0.04736842105263158,0.10714285714285714,0.2507518796992481
830,830,0.1616643519644656,0.0778816199376947,0.16043613707165108,0.32710280373831774
831,831,0.11244557094926894,0.045454545454545456,0.10743801652892562,0.24586776859504134
832,832,0.17533820884250556,0.08035714285714286,0.1875,0.38392857142857145
833,833,0.22153132927598015,0.1,0.26,0.45
834,834,0.16706351593526503,0.08648648648648649,0.16666666666666666,0.3216216216216216
835,835,0.15581706207357518,0.08248175182481751,0.13795620437956205,0.2956204379562044
836,836,0.1377288247629678,0.054865424430641824,0.13146997929606624,0.3084886128364389
837,837,0.13680352009767782,0.058333333333333334,0.125,0.3
838,838,0.16342659593066855,0.07515657620041753,0.16075156576200417,0.33890048712595683
839,839,0.14785663007529543,0.050239234449760764,0.14473684210526316,0.35167464114832536
840,840,0.12615214114693285,0.04269449715370019,0.12333965844402277,0.27988614800759015
841,841,0.13544055486085718,0.06060606060606061,0.1111111111111111,0.30808080808080807
842,842,0.1415136012193853,0.04819277108433735,0.13253012048192772,0.3493975903614458
843,843,0.16924054205431766,0.0779874213836478,0.17484276729559747,0.3471698113207547
844,844,0.1205161185753603,0.04961340206185567,0.10631443298969072,0.25579896907216493
845,845,0.19648203815259407,0.11737089201877934,0.1936619718309859,0.352112676056338
846,846,0.18754509352084836,0.09275053304904052,0.19509594882729211,0.36886993603411516
847,847,0.14067465304685,0.060784313725490195,0.13137254901960785,0.30392156862745096
848,848,0.19792054770507048,0.109375,0.19791666666666666,0.4010416666666667
849,849,0.1745211423183106,0.08664772727272728,0.16619318181818182,0.35511363636363635
850,850,0.12205707313810418,0.03125,0.121875,0.28125
851,851,0.1708766354774278,0.08804347826086957,0.17282608695652174,0.3289855072463768
852,852,0.12465562794577337,0.03353658536585366,0.12195121951219512,0.3079268292682927
853,853,0.12091499673484093,0.04878048780487805,0.1,0.2951219512195122
854,854,0.14397487947026405,0.049586776859504134,0.1446280991735537,0.35537190082644626
855,855,0.11620954504826271,0.041474654377880185,0.0944700460829493,0.27419354838709675
856,856,0.15503451773912041,0.0664433277498604,0.15661641541038526,0.32719151312116135
857,857,0.17657543002710577,0.056962025316455694,0.18354430379746836,0.4177215189873418
858,858,0.16000886873543851,0.06940253470126735,0.15992757996378998,0.3424864212432106
859,859,0.12780275325547955,0.04779969650986343,0.1244309559939302,0.283763277693475
860,860,0.1410693403964053,0.056666666666666664,0.11666666666666667,0.31333333333333335
861,861,0.3192937357983722,0.17164179104477612,0.373134328358209,0.6044776119402985
862,862,0.12407076055723452,0.04819277108433735,0.11713520749665328,0.2717536813922356
863,863,0.18915739295776215,0.08523908523908524,0.19334719334719336,0.4230769230769231
864,864,0.13216388483708882,0.03676470588235294,0.11029411764705882,0.35294117647058826
865,865,0.14724339856206778,0.05648148148148148,0.14537037037037037,0.3138888888888889
866,866,0.23569502831025202,0.16228070175438597,0.2236842105263158,0.42105263157894735
867,867,0.10675724799142917,0.03789954337899543,0.09634703196347032,0.23972602739726026
868,868,0.14417418309119193,0.04,0.16,0.37
869,869,0.21316649427304346,0.1196319018404908,0.2285276073619632,0.4125766871165644
870,870,0.15743393111743578,0.07174151150054764,0.1566265060240964,0.3247535596933187
871,871,0.14175215780259945,0.058787878787878785,0.13454545454545455,0.3145454545454546
872,872,0.13457394755909585,0.049868766404199474,0.1194225721784777,0.3333333333333333
873,873,0.30920916505875,0.22549019607843138,0.31862745098039214,0.47058823529411764
874,874,0.20504201790375046,0.12173913043478261,0.20579710144927535,0.3695652173913043
875,875,0.1359940122361343,0.05789473684210526,0.13099415204678364,0.2894736842105263
876,876,0.13909651418390298,0.056217423678332094,0.13961280714817573,0.30007446016381234
877,877,0.18126305871417514,0.08796296296296297,0.19907407407407407,0.3472222222222222
878,878,0.251814980837431,0.13125,0.28125,0.48125
879,879,0.2856833594615162,0.19230769230769232,0.3173076923076923,0.47115384615384615
880,880,0.15373806789199132,0.06981519507186858,0.14989733059548255,0.3275154004106776
881,881,0.15351697360006472,0.06566820276497695,0.15092165898617513,0.3433179723502304
882,882,0.17793646880566238,0.07653061224489796,0.17346938775510204,0.41836734693877553
883,883,0.16807285177190515,0.07631578947368421,0.17105263157894737,0.37894736842105264
884,884,0.12909534338163853,0.05837004405286344,0.1183920704845815,0.263215859030837
885,885,0.15864538781461549,0.07201889020070838,0.15289256198347106,0.3364817001180638
886,886,0.14899915321748103,0.07304900181488204,0.14382940108892922,0.28584392014519056
887,887,0.20986528589397385,0.09896810506566604,0.22842401500938087,0.449812382739212
888,888,0.16397180593511468,0.058823529411764705,0.16470588235294117,0.4
889,889,0.1488380071015254,0.06826801517067003,0.14285714285714285,0.3002528445006321
890,890,0.11556667456278355,0.042317173377156944,0.10723089564502876,0.25554642563681185
891,891,0.2069429769672718,0.10191082802547771,0.22611464968152867,0.3885350318471338
892,892,0.1555586392800038,0.061046511627906974,0.1560077519379845,0.35271317829457366
893,893,0.25502705035772394,0.16818181818181818,0.2636363636363636,0.41818181818181815
894,894,0.17688803453199972,0.09395973154362416,0.17114093959731544,0.37080536912751677
895,895,0.1964733729514764,0.11397058823529412,0.19117647058823528,0.36764705882352944
896,896,0.1837258071100394,0.08483483483483484,0.19894894894894896,0.3791291291291291
897,897,0.1975891684741976,0.10456273764258556,0.20912547528517111,0.3773764258555133
898,898,0.23103902574987376,0.11596548004314995,0.25836030204962246,0.45738942826321466
899,899,0.14021811056627614,0.05782312925170068,0.1292517006802721,0.2925170068027211
900,900,0.15649701307414662,0.07315340909090909,0.15838068181818182,0.3181818181818182
901,901,0.12824665405665994,0.05295566502463054,0.12561576354679804,0.2733990147783251
902,902,0.15905946639031018,0.046875,0.171875,0.3828125
903,903,0.17356991913767628,0.08653846153846154,0.15384615384615385,0.38461538461538464
904,904,0.19787759595746313,0.1015393724097099,0.20159857904085257,0.40378922439313203
905,905,0.16055120553208532,0.07649513212795549,0.14916550764951322,0.33762169680111265
906,906,0.11863374066297362,0.03800475059382423,0.10926365795724466,0.27078384798099764
907,907,0.11941296681871398,0.04861730597680642,0.1048171275646744,0.2671721677074041
908,908,0.1010956996697451,0.03239202657807309,0.0946843853820598,0.2159468438538206
909,909,0.14642727081145024,0.06060606060606061,0.12626262626262627,0.3434343434343434
910,910,0.17654760936649813,0.07258064516129033,0.1774193548387097,0.3951612903225806
911,911,0.1605754894534113,0.07188498402555911,0.15694888178913738,0.35303514376996803
912,912,0.18503371620030495,0.07627118644067797,0.17796610169491525,0.4406779661016949
913,913,0.16823700123158422,0.07456896551724138,0.17155172413793104,0.36810344827586206
914,914,0.15591697481934097,0.05555555555555555,0.16666666666666666,0.37037037037037035
915,915,0.15283120497174646,0.07481751824817519,0.1468978102189781,0.30656934306569344
916,916,0.1272000410557083,0.0423728813559322,0.1271186440677966,0.288135593220339
917,917,0.12362754325313784,0.047244094488188976,0.11023622047244094,0.2736220472440945
918,918,0.11653489224849294,0.04473684210526316,0.10701754385964912,0.24912280701754386
919,919,0.21402043199955947,0.10215053763440861,0.22043010752688172,0.46236559139784944
920,920,0.24054789616012895,0.12837837837837837,0.25675675675675674,0.44594594594594594
921,921,0.17499803495429217,0.08614232209737828,0.1601123595505618,0.38108614232209737
922,922,0.2276947062088887,0.12745098039215685,0.2647058823529412,0.4215686274509804
923,923,0.14526247272508683,0.06365030674846625,0.13420245398773006,0.3090490797546012
924,924,0.1737242132195262,0.09154929577464789,0.16901408450704225,0.31690140845070425
925,925,0.17490456491835174,0.08035714285714286,0.17857142857142858,0.3794642857142857
926,926,0.21427098370971853,0.11475409836065574,0.22950819672131148,0.38524590163934425
927,927,0.12238419652508954,0.04710144927536232,0.10144927536231885,0.28804347826086957
928,928,0.1278197134610758,0.04783599088838269,0.12338648443432043,0.2771450265755505
929,929,0.27934956307288,0.16741071428571427,0.30580357142857145,0.5111607142857143
930,930,0.17434045314374252,0.07513661202185792,0.17486338797814208,0.3702185792349727
931,931,0.20355689067311514,0.10541310541310542,0.20987654320987653,0.4021842355175689
932,932,0.21945117650352408,0.12534059945504086,0.2329700272479564,0.4087193460490463
933,933,0.11935029871188058,0.015306122448979591,0.12244897959183673,0.32653061224489793
934,934,0.14917965077277534,0.0691114245416079,0.14456981664315938,0.3081805359661495
935,935,0.22343605046953868,0.12874251497005987,0.22604790419161677,0.4101796407185629
936,936,0.13108584188469022,0.050073637702503684,0.12444771723122239,0.29528718703976436
937,937,0.21631681887260068,0.11969993476842791,0.22798434442270057,0.41454664057403784
938,938,0.2239796665672545,0.12055335968379446,0.22924901185770752,0.45454545454545453
939,939,0.12680565778823027,0.04498269896193772,0.12975778546712802,0.28546712802768165
940,940,0.3679705667024,0.2925531914893617,0.4095744680851064,0.5
941,941,0.1645274944514083,0.07707129094412331,0.15703275529865124,0.3420038535645472
942,942,0.13334080637293635,0.05903614457831325,0.11927710843373494,0.28072289156626506
943,943,0.18987493793089213,0.09325842696629214,0.18876404494382024,0.3898876404494382
944,944,0.21845670822516727,0.12130177514792899,0.2357001972386588,0.42011834319526625
945,945,0.1552231897759453,0.07142857142857142,0.14473684210526316,0.31390977443609025
946,946,0.20943843461529876,0.10398230088495575,0.21902654867256638,0.4092920353982301
947,947,0.12047734300551459,0.045454545454545456,0.13068181818181818,0.2784090909090909
948,948,0.20863164674329213,0.10993657505285412,0.2135306553911205,0.4154334038054968
949,949,0.13539463494011564,0.05063291139240506,0.14240506329113925,0.30063291139240506
950,950,0.14336219402213687,0.05474452554744526,0.12773722627737227,0.35036496350364965
951,951,0.19088909694095774,0.10190703218116806,0.19308700834326578,0.37604290822407627
952,952,0.1542002296793688,0.0684931506849315,0.15753424657534246,0.3193493150684932
953,953,0.17223857351669772,0.0737913486005089,0.1806615776081425,0.361323155216285
954,954,0.4407615561883765,0.34,0.48,0.61
955,955,0.14968792536227382,0.07766272189349112,0.13831360946745563,0.2906804733727811
956,956,0.30485508930143257,0.16923076923076924,0.35384615384615387,0.5923076923076923
957,957,0.34580523556613796,0.25217391304347825,0.3695652173913043,0.5260869565217391
958,958,0.12172153184647555,0.04285714285714286,0.1,0.29285714285714287
959,959,0.1433204205247457,0.0587248322147651,0.14597315436241612,0.31208053691275167
960,960,0.1337550171347382,0.05508021390374331,0.12727272727272726,0.28502673796791445
961,961,0.3218777544911418,0.21052631578947367,0.34615384615384615,0.5870445344129555
962,962,0.20950890314077425,0.1111111111111111,0.20833333333333334,0.4027777777777778
